video_id,video_published_at,title,tags,channel_id,channel_title,subscriber_count,category_id,category_name,duration_seconds
oLTe_ZXIEdE,2025-10-06T05:30:06Z,GURU RANDHAWA - PAN INDIA - MV - BHUSHAN KUMAR,tseries|tseries songs|pan india song|guru randhawa pan india song|guru randhawa new song|pan india dance song|guru randhawa dance song|pan india guru randhawa|pan india|guru randhawa pan india video song|guru randhawa songs|pan india home rule|home rule album|guru randhawa home rule|home rule album song|home rule song|pan india video song|home rule|guru randhawa pan india|home rule video song|new punjabi song|punjabi songs|guru randhawa song|homerule,UCq-Fj5jknLsUf-MWSy4_brA,T-Series,305000000,10,Music,142.0
ED544Luc71o,2025-10-06T06:27:00Z,Bad Boy Karthik Teaser | Naga Shaurya | Vidhi Yadav | Samuthirakani | Harris Jayraj |  Ramesh,Bad Boy Karthik teaser|Naga Shaurya new movie|Vidhi Yadav teaser|Samuthirakani direction|Harris Jayraj Telugu music|Naga Shaurya 2025 movie|Telugu teaser 2025|Telugu upcoming movie|new Telugu action movie|Harris Jayraj songs|Telugu romantic action teaser|Naga Shaurya teaser|Vidhi Yadav debut|Telugu hits|Telugu trailer|Telugu cinema 2025|trending Telugu teaser|mass Telugu teaser|Tollywood 2025|Telugu promo video|Bad Boy Karthik movie teaser,UCnJjcn5FrgrOEp5_N45ZLEQ,T-Series Telugu,14400000,10,Music,82.0
m5QrMzN7PGs,2025-10-06T14:52:55Z,[Hindi] BMSD 2025 | Semi Finals | Day 3,BATTLEGROUNDS MOBILE INDIA|BATTLEGROUNDSMOBILEINDIA|BATTLEGROUNDS MOBILE|BATTLEGROUNDS|BATTLEGROUNDS MOBILE INDIA OFFICIAL CHANNEL|BATTLEGROUNDS MOBILE INDIA YOUTUBE|BGMI|BATTLEGROUNDS MOBILE INDIA Release date|BATTLEGROUNDS MOBILE INDIA Teaser,UCugG6-k5QGbq_iDEPAnG4NQ,KRAFTON INDIA ESPORTS,1850000,20,Gaming,18570.0
VCXgLoKE7bg,2025-10-06T11:27:02Z,‡≤é‡≤∑‡≥ç‡≤ü‡≥Å ‡≤π‡≥á‡≤≥‡≤ø‡≤¶‡≤∞‡≥Ç ‡≤ï‡≥á‡≤≥‡≤≤‡≤ø‡≤≤‡≥ç‡≤≤ ‡≤ó‡≥Ü‡≤≥‡≤§‡≤ø ‡≤ó‡≥Ü‡≤≥‡≤§‡≤ø | Yesta Helidru Kelalila Gelati Gelati | Balu Belagundi |Janapada,Balu Belagundi Singer|balu belagundi|Janapada song,UCn16w8_6jziKX4FUNOsqYoQ,Balu Belagundi Singer,2240000,10,Music,348.0
CY7m0KgIHmQ,2025-10-06T01:30:13Z,"Parchhavan - Official Movie Trailer | ‡§™‡§∞‡§õ‡§æ‡§µ‡§® | Bhojpuri Film 2025 | Rittesh Upadhyay, Richa dixit",bhojpuri movie|bhojpuri film|bhojpuri picture|‡§≠‡•ã‡§ú‡§™‡•Å‡§∞‡•Ä ‡§´‡§ø‡§≤‡•ç‡§Æ|new bhojpuri movie|Rittesh Upadhyay|Richa dixit|Shraddha Naval|Manoj tiger|Vinod mishra|Shweta verma|Sangam rai|Sweety singh|New Movie Trailer|Full Movie|Hit Trailer|trailer|trailer 2025|pariwarik movie|bhojpuri family movie|Trending Movie Trailer|hindi trailer|bhojpuri trailer|movies Trending chart|full video|hd trailer|bhojpuri super hit movie|bhojpuri film 2025|richa dixit video,UC_ff05CVlPk1q0zdNVcuwhA,Bhojpuri Cinema TV Channel,7260000,24,Entertainment,239.0
y0r3ycFfg-M,2025-10-06T06:30:37Z,100 days but Its Team vs Team in Hardcore Minecraft üò± | Twist ,minecraft gameplay in hindi|minecraft gameplay|minecraft in hindi gameplay|minecraft|survival|minecraft hindi gaming|live insaan|gamerfleet|techno gamerz|minecraft bedrock|minecraft android gameplay|anshu bisht|smartypie|yessmartypie|ujjwal|herobrine smp|funny minecraft video|smp india|fleet smp|anshu bisht smp|barbarian king|jack bhaiya|Herobrine fleet smp|herobrine world|oneblock 100 days|100 DAYS MINECRAFT|Hardcore Minecraft|hardcore|OP FIRE,UCPjaNv8GlIamrxCbqincG_g,Anshu Bisht,7440000,20,Gaming,6752.0
ko70cExuzZM,2025-10-05T23:00:06Z,Taylor Swift - The Fate of Ophelia (Official Music Video),Taylor swift|taylor|swift|taylor swift TLOAS|TS12|Showgirl|The Life of a Showgirl|new taylor swift|taylor swift album,UCqECaJ8Gagnn7YCbPEzWH6g,Taylor Swift,61800000,10,Music,239.0
6RNdL_gjpAs,2025-10-06T11:30:06Z,Feminichi Fathima Trailer | Fasil Muhammed | Shamla Hamza | Kumar Sunil | Thamar | Wayfarer Films,feminichi fathima|malayalam award movie|malayalam dubbed movie|lokah|lokah full movie|best award movie|best kerala movie award,UCjcqzy7MSaN2KPnzOKIcpEQ,Dulquer Salmaan,1700000,1,Film & Animation,95.0
YSpmkwpEbL0,2025-10-07T02:30:34Z,Diwali 2025 Item Showcase | Free Fire MAX,,UC4AB0_ectRryjCF_ugD0U8w,Free Fire India Official,18100000,20,Gaming,120.0
AqUonMjxaog,2025-10-04T15:56:32Z,Mayabini Ratir Bukut,Zubeen garg|Mayabini Ratir Bukut,UCrMfMtLp-BR5TMm_oBQiujA,Zubeen Garg - Topic,1430,10,Music,323.0
D3Se71O96i0,2025-10-02T06:30:07Z,Patriot Malayalam Teaser | Mammootty | Mohanlal | Mahesh Narayanan | Anto Joseph,Mammootty|Mohanlal|Fahadh Faasil|Kunchacko Boban|Nayanthara|Revathy|mmmn|patriot|malayalam latest|patriot malayalam movie|malayalam|patriot mammootty|malayalam film|patriot mammootty mohanlal|malayalam films|malayalam cinema|malayalam movies|patriot movie|mohanlal about patriot movie|pan indian,UCAAufdrkoIXtfHQI9QE1tzA,Anto Joseph Film Company,624000,24,Entertainment,82.0
A8B61clzr_Y,2025-10-06T10:34:52Z,Long Slide Game With Elephant Gorilla Buffalo Hippopotamus Tiger 3d Animal Game Funny 3d Animals,wild animals|funny animals|animals|elephant|mammoth elephant|animal revolt battle|animal fights|animal game|animal games|buffalo|cartoon animal games|funny animal videos|farm animals|animal|zoo animals|3d animals|animals cage game|animals games|zoo animals names|cute animals|monster lion mammoth attacks cow cartoon buffalo|cartoon animals|animals for kids|animal fight|animal names and sounds for kids|learn animal names,UCMK2MVNthSkVfb8oPcQpMdw,Firodaliso FunAnimation,841000,24,Entertainment,862.0
YbjdmLVXyHs,2025-10-06T05:30:07Z,GULZAAR CHHANIWALA - Dadson ( Official Video ) | Hallu Mandiaala | New Haryanvi Song 2025,gulzaar chhaniwala|gulzaar chhaniwala new song|dadson,UCaNVvLC6bcsvIwuDm3tItWQ,Gulzaar Chhaniwala,8920000,10,Music,232.0
AqbIRNL-vFo,2025-10-05T05:42:05Z,Jodettu Official Kannada Teaser | Chikkanna | Sunil | V Harikrishna | K Somashekar | S Mahesh Kumar,dbeats|dbeats kannada|d beats music|DBeats music world|kannada film|kannada film songs|kannada movie songs|kannada kannada|kannada songs|kannada new songs|kannada hit songs|trending kannada songs|2025 kannada songs|kannada new songs 2025|teaser|jodettu|kannada teaser|chikkanna|official teaser|chikkanna movie|v harikrishna|trending|kannada movie teaser|super hit|jodettu chikkanna|jodethu|jodetu|teeser|teesar|chikanna|natural star|dboss|dboss chikkanna,UCp8WoMOdQrSSPAJmQTGbNTw,DBeatsMusicWorld,4540000,24,Entertainment,102.0
OJv16uPuO9g,2025-10-05T13:43:58Z,Long Slide Game With Cow Elephant Gorilla Hippopotamus Tiger 3d Animal Game Funny 3d Animals,,UC85rY9_uW-3TdfKmyW2c57g,Animals Tralala,21400,24,Entertainment,709.0
T9ILED9zA6E,2025-10-05T23:07:18Z,‡§Ü‡§ú ‡§∂‡§∞‡§¶ ‡§™‡•Ç‡§∞‡•ç‡§£‡§ø‡§Æ‡§æ ‡§Ø‡§π ‡§Æ‡§Ç‡§§‡•ç‡§∞ ‡§∏‡•Å‡§® ‡§≤‡•á‡§®‡§æ ‡§ò‡§∞ ‡§Æ‡•á‡§Ç ‡§ï‡§≠‡•Ä ‡§ß‡§® ‡§∏‡§Æ‡•ç‡§™‡§§‡•ç‡§§‡§ø ‡§ï‡§Æ‡•Ä ‡§®‡§π‡•Ä‡§Ç ‡§π‡•ã‡§ó‡•Ä Laxmi Mantra | Sharad Purnima,‡•ê ‡§Æ‡§π‡§æ‡§≤‡§ï‡•ç‡§∑‡•ç‡§Æ‡•Ä ‡§®‡§Æ‡•ã ‡§®‡§Æ‡§É|‡§Æ‡§π‡§æ‡§≤‡§ï‡•ç‡§∑‡•ç‡§Æ‡•Ä ‡§Æ‡§Ç‡§§‡•ç‡§∞|laxmi mantra|laxmi mantra live|live laxmi mantra|om mahalaxmi|laxmi|laxmi ji|mantra|arti|laxmi arti mantra|laxmi mantra arti|laxmi mata mantra|laxmi maiya|jai laxmi mantra|‡•ê ‡§Æ‡§π‡§æ‡§≤‡§ï‡•ç‡§∑‡•ç‡§Æ‡•Ä ‡§®‡§Æ‡•ã|vishnu laxmi mantra|laxmi vishnu mantra|laxmi mata mantra 1018 times|laxmi mata ka mantra|maa laxmi mantra|powerfull laxmi mantra|laxmi mantra for money|laxmi mantra live morning|‡§ß‡§®‡§§‡•á‡§∞‡§∏|dhanteras|sharad purnima mantra|‡§™‡•Ç‡§∞‡•ç‡§£‡§ø‡§Æ‡§æ,UCi5g2Y4keAkIkEt8YvR5JoA,Vats Bhakti Sagar,2170000,24,Entertainment,1177.0
cDL3Zjdz514,2025-10-06T15:59:59Z,Predator: Badlands | Final Trailer,Trailer,UC2-BeLxzUBSs0uSrmzWhJuQ,20th Century Studios,5010000,1,Film & Animation,118.0
vcoHwSMsHog,2025-10-06T08:13:58Z,I Joined GIANTS Vs TINY Minecraft Civilization with Doorbin..,carry depie|minecraft|doorbin,UClqifC6Nd7v-IfTqce4k62A,Carry Depie,3220000,20,Gaming,929.0
1TRGxRGcyN0,2025-10-05T17:53:15Z,"‡§∂‡•ç‡§∞‡•Ä ‡§π‡§®‡•Å‡§Æ‡§æ‡§® ‡§ö‡§æ‡§≤‡•Ä‡§∏‡§æ Hanuman Chalisa I GULSHAN KUMAR I HARIHARAN, Full HD Video, Shree Hanuman Chalisa",‡§∂‡•ç‡§∞‡•Ä ‡§π‡§®‡•Å‡§Æ‡§æ‡§® ‡§ö‡§æ‡§≤‡•Ä‡§∏‡§æ|Hanuman Chalisa|GULSHAN KUMAR|HARIHARAN|Shree Hanuman Chalisa|hanuman chalisa gulashan kumar|hanuman chalisa live|hanuman chalisa|hanuman ji ke gana|hanuman|hanuman ji ka bhakti song|hanuman chalisa fast|hanuman chalisa dj|hanuman chalisa full|hanuman chalisa song|hanuman chalisa new|hanuman chalisa ms subbulakshmi|hanuman chalisa kannada|hanuman chalisa lofi,UCUB59Xatk8mVarykhCv_FpQ,Sur Taal Bhakti,3570,22,People & Blogs,6007.0
t1huaCOto2k,2025-10-04T14:29:24Z,Rambo - Official Trailer | From 10th Oct 2025 on #SunNXT | Arulnithi | Muthaiya | Sun NXT Exclusive,,UCials1wQnEN_NykYZr1048w,Sun NXT,7680000,24,Entertainment,106.0
DNdGocGwSpo,2025-10-06T09:21:03Z,Clash On | Biggest Matchmaking Update Yet! üèÜ,clash of clans|COC|Clash of Clans Gameplay|Clash of Clans Strategy|Clash of Clans Animation|Clash of Clans Commercial|Clash of Clans Attacks|Clash of Clans Town Hall|Hog Rider|PEKKA|Clan Wars|season challenges|clan war leagues|clash on|clan game|clan games|clash-a-rama|clasharama,UCD1Em4q90ZUK2R5HKesszJg,Clash of Clans,21600000,20,Gaming,37.0
JH1Wk6kB8To,2025-10-06T04:30:04Z,"Lugai Chhoti (Official Video) Ajay Hooda, Kavita Joshi | New Haryanvi Songs Haryanavi 2025 | DJ Song",lugai chhoti|lugai chhoti song|lugai chhoti ajay hooda|ajay hooda|ajay hooda song|ajay hooda new song|ajay hooda ke gane|ajay hooda dj song|kavita joshi|harjeet deewana|komal chaudhary|gulshan music|haryanvi song|haryanvi songs|haryanvi song 2025|new haryanvi song 2025|latest haryanvi song 2025|new haryanvi dj song 2025|new haryanvi songs haryanavi 2025|new haryanvi songs|latest haryanvi songs|haryanvi dj songs|haryanvi songs haryanavi|dj song,UCV7XiN_H4Vf375SPIGfoxMw,Ajay Hooda Official ,111000,10,Music,176.0
ZGn3Qj3-pHc,2025-10-03T02:30:27Z,NAIHAR SASURAL I ‡§®‡§à‡§π‡§∞ ‡§∏‡§∏‡•Å‡§∞‡§æ‡§≤ I OFFICIAL TRAILER I SANJANA PANDEY I BHOJPURI MOVIE 2025,naihar sasural|naihar sasural movie|naihar sasural trailer|sanjana pandey|bhojpuri movie 2025|bhojpuri film|bhojpuri|sanjana pandey movie|sanjana|bhojpuri sanjana|bhojpuri trailer,UCIobY5Y-ly9Bo458yjy36OQ,B4U Bhojpuri,12400000,1,Film & Animation,288.0
bQtZbwpbUlM,2025-10-06T09:43:25Z,I FOUND MY 7 YEARS OLD FREE FIRE ID,,UCWRmZvwkp6oNca2wW3uFcFg,SATVIK,11200000,20,Gaming,1373.0
_5c6EmJurxc,2025-10-06T04:30:08Z,"CIRCLE (Official Video) Amanraj Gill | Manisha Sharma, Shivani Yadav | New Haryanvi Song 2025",circle|circle song|circle amanraj gill|amanraj gill|manisha sharma|shivani yadav|new|latest|haryanvi|songs|haryanavi|2025|haryanvi song|haryanvi songs|haryanvi song 2025|haryanvi songs 2025|new haryanvi song|haryanvi new song|haryanvi song new|new haryanvi songs|latest haryanvi songs|new haryanvi song 2025|latest haryanvi song 2025|haryanvi songs haryanavi|new haryanvi songs haryanavi 2025|amanraj gill song|amanraj gill new song|nav haryanvi,UCbYXVxwDEWc9sIt6yZhweqQ,Nav Haryanvi,11500000,10,Music,189.0
zvO9tNMSKTM,2025-10-06T07:09:01Z,"Mithra Mandali JAMPACK Trailer | Priyadarshi, Niharika NM | Laddu Vishnu | Satya | Bunny Vas",Prabhas|Pawan Kalyan Speech|Chiranjeevi|Ram Charan|Allu Arjun|Mahesh Babu|Nakshatra News Channel|Nakshatra News|Jaahnavi Media,UCfUfzLTmYdmVrSOuGk6ddFA,Nakshatra News,252000,24,Entertainment,260.0
6mCywTW1wcs,2025-10-06T23:38:37Z,#1 EK SAPNA | CLASSIC HACKER OR WHAT | BGMI LIVE,lolz|lolzz|lolzzz|lolz gaming|lolzz gaming|lolzzz gaming|bgmi|conqueror,UCI1vyXBgX3bruwvChLMNxjQ,LoLzZz Gaming,2460000,20,Gaming,24262.0
CxnP8oR9n00,2025-10-06T00:00:13Z,Kuanra Punei & Gajalaxmi Brata Katha | ‡¨ó‡¨ú‡¨≤‡¨ï‡≠ç‡¨∑‡≠ç‡¨Æ‡≠Ä ‡¨¨‡≠ç‡¨∞‡¨§ ‡¨ó‡¨æ‡¨•‡¨æ ‡¨ì ‡¨™‡≠Ç‡¨ú‡¨æ ‡¨¨‡¨ø‡¨ß‡¨ø | Namita Agrawal,namita agrawal|namita agarwal|namita agrawal channel|namita agrawal bhajan|namita agrawal odia bhajan|namita agrawal new song|namita agrawal all bhajan song|namita agrawal all bhajan video|‡¨®‡¨Æ‡¨ø‡¨§‡¨æ ‡¨Ö‡¨ó‡≠ç‡¨∞‡≠±‡¨æ‡¨≤ ‡¨≠‡¨ú‡¨®|namita agrawal new bhajan|Gajalaxmi Brata Katha|Ma Gajalaxmi Story|Odia Brata Katha|Kuanra Punei|Odia Devotional Video,UCzhhvdUDJyVQL7qddS60lSg,Namita Agrawal,3560000,10,Music,1400.0
qR-z_27Dj7k,2025-10-06T06:30:24Z,Jamnapaar Season 2 - Official Trailer | Ritvik Sahore & Srishti Ganguly Rindani | Amazon MX Player,jamnapaar season 2 trailer|new trailers|trailer|hindi trailer|jamnapaar|jamnapaar season 1|mx player web series|new web series|web series|ritvik sahore web series|ritvik sahore|srishti rindani|official trailer|amazon mx player|jamnapaar official trailer|jamnapaar season 2 official trailer|Varun Badola|Vijay Raz|Anubha Fatehpuria|Srishti Ganguly Rindani|Druv Sehgal|Anushka Kaushik|Sunshine Productions|drama|hindi|new web series hindi|trailers 2025|new,UC1NtcHxG3wiyhtbbPmIaMnA,Amazon MX Player,5230000,24,Entertainment,109.0
tomGtOIlF54,2025-10-06T05:04:23Z,Choo-Choo Charles ne aaj mera dil tod diya! üò± | Horror Gameplay #shortslive  #live,,UC3KAE02WDbs_nTVtO0qYIcQ,Kumar Gaming ,552000,20,Gaming,8770.0
8S63oMM9mms,2025-10-02T22:34:03Z,‡§≤‡§ï‡•ç‡§∑‡•ç‡§Æ‡•Ä ‡§Ü‡§∞‡§§‡•Ä ‡§π‡§ø‡§Ç‡§¶‡•Ä | Mata Laxmi Aarti in Hindi | Om Jai Laxmi Mata | #diwali #dhanteras #laxmiji,Laxmi Aarti in Hindi|lakshmi aarti|maha lakshmi aarti|‡§≤‡§ï‡•ç‡§∑‡•ç‡§Æ‡•Ä ‡§Ü‡§∞‡§§‡•Ä ‡§π‡§ø‡§Ç‡§¶‡•Ä|‡§≤‡§ï‡•ç‡§∑‡•ç‡§Æ‡•Ä ‡§Ü‡§∞‡§§‡•Ä ‡§π‡§ø‡§Ç‡§¶‡•Ä ‡§Æ‡•á‡§Ç|Om Jai Laxmi Mata|om jai lakshmi mata|jai lakshmi mata aarti|jai laxmi mata|‡§ú‡§Ø ‡§≤‡§ï‡•ç‡§∑‡•ç‡§Æ‡•Ä ‡§Æ‡§æ‡§§‡§æ|‡•ê ‡§ú‡§Ø ‡§≤‡§ï‡•ç‡§∑‡•ç‡§Æ‡•Ä ‡§Æ‡§æ‡§§‡§æ|mahalaxmi songs|om jai laxmi mata|laxmi aarti|laxmi ji ki aarti|lakshmi mata ki aarti|lakshmi ji ki aarti|aarti lakshmi ji ki|aarti laxmi ji ki|laxmi mata ki aarti|laxmi mata aarti|jai laxmi mata aarti|maa laxmi aarti|aarti lakshmi mata ki,UCyXdHzogMvnKmczVa8XYnRA,Netula Bhakti Mantra,2830,10,Music,883.0
jHOnAk1dJBY,2025-10-04T12:13:13Z,PISHACHINI | Official Trailer | Kajol | Ajay Devgan Films | New Movie Trailer |Teaser| Trailers 2025,new movie trailer|new movie trailers|movie trailers new|new hindi movie trailer|new movie trailers 2025|hrithik roshan new movie trailer|new movie trailers (2025 - 2027)|new movie trailers (2025) september|movie trailer|new upcoming movies (2025) trailer|movie trailers|movie trailer 2025|horror movie trailer|new trailer|haunted movie trailer|movie trailers 2025|2025 movie trailers|Kajol upcoming movies|Ajay devgn upcoming movies|Kajol movie trailer,UCqlvxaytOq2rt2J2p3apzzQ,Phantom Pictures‚Ñ¢,9860,24,Entertainment,125.0
YrGPYXCoD5M,2025-10-06T18:45:02Z,Top 1 Heroic to Grandmaster Free Fire Live Rank Push #freefirelive #freefire,,UCLw6oSW5ZmS18a8vBEZMkeQ,AAWARI GAMER,721000,20,Gaming,14787.0
s8ieycCJZwE,2025-10-06T05:37:41Z,"Mass Jathara - Hudiyo Hudiyo Promo | Ravi Teja, Sreeleela | Bheems Ceciroleo | Bhanu Bogavarapu",Hudiyo Hudiyo Song|Mass Jathara Songs|Mass Jathara Teaser|Mass Jathara Trailer|Mass Jathara Songs Telugu|Mass Jathara New Song|Mass Jathara Movie Songs|Ravi Teja New Movie|Ravi Teja Songs|Ravi Teja New Song|Sreeleela Songs|Sreeleela Movies|Sreeleela New Song|Bheems Ceciroleo Songs|Telugu Lyrical Songs|Songs Telugu|Telugu Video Songs|Telugu Songs 2025|New Telugu Songs|Telugu Top Songs|Telugu Dance Songs|Latest Telugu Songs|Telugu Songs|Aditya Music,UCNApqoVYJbYSrni4YsbXzyQ,Aditya Music,36000000,10,Music,41.0
i-8w5yDwukA,2025-09-29T12:30:27Z,The Raja Saab Telugu Trailer | Prabhas | Maruthi | Thaman S | TG Vishwa Prasad | Jan 9 2026,People Media Factory|Raja Saab|Raja Saab Trailer|Raja Saab Telugu Trailer|Raja Saab Trailer Telugu|The Raja Saab Trailer|Prabhas|Maruthi,UCrzx3ZPXEZpzEGLF1gIuORQ,People Media Factory,1260000,24,Entertainment,214.0
fH9hTr4LSLg,2025-10-06T12:34:50Z,Minecraft But If we Touch a Block we Get Power...,carry depi|minecraft|doorbin,UCW3Ms3ZxVaZUniP-HifWCDg,Karry Kraft,750000,20,Gaming,619.0
x8REGvjjUYk,2025-10-05T13:04:34Z,"Tuition Badmashi Kaa | Hemant Faujdar, Kiran, Masoom Sharma, Manisha Sharma, Mukesh Jaji, Aman Jaji",Tuition Badmashi Kaa Haryanvi song|Tuition Badmashi Kaa official video|Tuition Badmashi Kaa Hemant Faujdar|Tuition Badmashi Kaa full song|Trending Haryanvi songs 2025|Popular Haryanvi hit 2025|Kiran Haryanvi singer|Masoom Sharma songs|Mukesh Jaji music|Aman Jaji Haryanvi beat|Haryanvi songs 2025|Latest Haryanvi hit|Badmashi song 2025|Haryana desi song|Desi badmashi song|Aman Raj Gill|Nonu Rana|Gangester Song|Badmashi Songs,UCxR3fj3Cx6wnZi3HgUY8XzQ,Chulbull Records,56200,10,Music,468.0
6F9zpvbsQ6g,2025-10-05T05:30:03Z,Shambhala Telugu Movie - Official Trailer | Aadi Sai Kumar | Archana Iyer | Swasika | Ugandhar Muni,Everyday Show|aadi sai kumar shambhala movie official trailer|aadi sai kumar shambhala teaser|aadi sai kumar shambhala movie trailer|shambhala telugu movie official trailer|aadi sai kumar's shambhala movie trailer|shambhala telugu movie teaser release - aadi sai kumar|aadi sai kumar shambhala trailer|aadi sai kumar shambhala movie teaser|aadi sai kumar shambhala movie|shambhala telugu movie official teaser|aadi sai kumar's shambhala|shambhala movie official trailer,UCQ596gwldwHJX2OSAtWljew,Everyday Show,68100,24,Entertainment,133.0
ByYfGWyo5Qc,2025-10-06T15:40:24Z,#1 Choo Choo Charles with AnshuMan Gaming #shortfeed #shortslive #chainedtogethergame #wormateio,,UCCi9hDSQHLS1KX59gzQoTqQ,AnshuMan Gaming,1080000,20,Gaming,5002.0
L8sJ8ZP43_4,2025-10-04T05:39:16Z,Top Non Stop Live Rasiya | ‡§è‡§ï ‡§∏‡•á ‡§π‡§ü‡§ï‡§∞ ‡§è‡§ï | Full HD Video #live,payal ki khanak|anil rawat|mohit love|kajal hathrasi|farmani naz,UCpQ-wkvGlvTGXhKmc0TsHvw,Shivam Music HD,76600,10,Music,70.0
AGTVx1v_79k,2025-10-04T15:30:07Z,FAMILY EXPRESS KANNADA OFFICIAL TRAILER 4K | JRM STUDIO | GOWRAV SHETTY | PALLAVI | BASKI | ROHIT |,web series|webseries|short film|Meese Mathu Jade Official Video|‡≤Æ‡≥Ä‡≤∏‡≥Ü ‡≤Æ‡≤§‡≥ç‡≤§‡≥Å ‡≤ú‡≤°‡≥Ü|jrm studio|jrm studios|jothirao mohit short films|jothi rao mohit|JRM Studio|kannada latest short films 2021|kannada latest short films|kannada short films|Amruthanjan Trailer|Amruthanjan|kannada latest films|kannada short film|short films|New Kannada Short Movies|kannada Comedy Short Movies|2021 Kannada Comedy Movies|kannada love short films|trending videos 2021|trending,UCTIVZALCaLB-XPkhHKSpA-Q,JRM Studio,955000,24,Entertainment,147.0
SjtOCuYmQXk,2025-10-06T17:00:46Z,GODL BACK IN FORM!! K9 IS BUILT DIFFERENTüî• NINJABOI #1 MVP,,UCeBBy-IqsJxGlt-QcWj35Kg,Mr Spike,1030000,20,Gaming,3147.0
f0FCLpLCV5I,2025-10-07T01:15:02Z,#Video ~ ‡§ö‡•ã‡§∞‡•Ä ‡§ö‡•ã‡§∞‡•Ä ‡§Æ‡§ø‡§≤‡§¨‡§ä ‡§ê ‡§ó‡•ã‡§∞‡•Ä | Milbau Chori Chori Tohra Se Gori | Pankaj Matalbi Yadav & Anjali,milbau chori chori tohra se gori|pankaj matalbi new song|pankaj matalbi yadav official|aibo tora gauwa ke aari|instagram trending song bhojpuri|reels trending songs|insta trending reels songs|pankaj matalbi yadav song|parul mahi bhojpuri song|parul mahi ka gana|parul mahi new song,UC4wTSf0D-raeiVTlRl9g8Pg,DEHATI KHORTHA MUSIC,44600,10,Music,414.0
rae7NrU40X8,2025-10-07T05:12:46Z,Kantara Chapter 1 Trailer - Kannada | Rishab Shetty | REACTION!!,our stupid reactions|korbin miles|rick segall|osr,UCR4z8ccOWNoUThB4VAMNBTg,OUR STUPID REACTIONS,1410000,23,Comedy,544.0
8VdHp0ZoryE,2025-10-06T06:15:09Z,skibidi toilet 79 (part 3),Skibidi toilet|skibidi toilet 79 part 3|79 part 3|episode 79|skebedee|skibidee toilet|toilet skibidi|alliance|cameraman|astro toilet|watchman of doom|dafuqboom|brainrot|gaming|source|sfm|scifi|tv woman|speakerman|speakermen|wod|astros|secret agent|administrator|part 3,UCsSsgPaZ2GSmO6il8Cb5iGA,DaFuq!?Boom!,46600000,24,Entertainment,379.0
n0RIgky8nzc,2025-10-04T13:19:28Z,"Singari Lyrical Song | Dude | Pradeep Ranganathan, Mamitha Baiju | @SaiAbhyankkar  | Keerthiswaran",Singari Lyric Video|Singari Song|Singari|Dude Movie Song|Dude Songs|Dude|Dude Tamil Movie|Pradeep Ranganathan|Pradeep Ranganathan Movies|PR|Sai Abhyankkar Songs|Sai Abhyankkar Music|Sai Abhyankkar|Mamitha Baiju|Mamitha Baiju Songs|Sai Smriti|Sarath Kumar|Sanjay Samvi|Latest Tamil Movies|New Tamil Movies|Tamil Movies 2025|New Songs Tamil|Tamil New Songs|Songs Tamil|Songs 2025|Latest Tamil Songs|New Tamil Songs|Parithabangal Dravid Selvam,UCLbdVvreihwZRL6kwuEUYsA,Think Music India,21500000,10,Music,215.0
eW-nFonrsnA,2025-10-06T09:02:32Z,One-Punch Man Season 3 | Official Trailer | Crunchyroll India,,UC1dpwMXjjPe87utZQRrEr3Q,Crunchyroll India,233000,24,Entertainment,53.0
F_Uw10vgjZM,2025-10-06T07:30:05Z,MICHAEL BECOME BILLIONAIRE in GTA 5 REAL LIFE!ü§ë #48,techno gamerz|dattrax gaming|GTA|GTA 5|GTA ONLINE|PC|gta 5 gameplay|gta v hindi gameplay|gta 5 funny moments|gta 5 wins|gta 5 lamborghini|gta 5 stealing supercar|gta 5 stunts|gta 5 thug life|grand theft auto v|gta v online|gta 5|gta 5 epic moments|gta v funny moments|awesome gta 5 stunts|best moments|techno gamerz gta 5|gta 5 techno gamerz|gta 5 techno gamerz new video|techno gamer gta 5|techno gamerz gta 5 gameplay|techno gamerz gta v,UCJD5R47XWLmJ7nn18T2ZW4w,Dattrax Gaming,2660000,20,Gaming,4119.0
-yaUiBlOYn0,2025-10-04T11:34:19Z,Kiss Kiss Bang Bang - They Call Him OG | Pawan Kalyan | EmraanHashmi | NehaShetty |Sujeeth | ThamanS,Sony Music South|Sony Music|Latest Song|Telugu Songs 2023|Songs in Telugu|Telugu Movie Songs|Video Songs Telugu|new Telugu Songs|HungryCheetah|TheyCallHimOG|Pawan Kalyan|Priyanka Arul Mohan|Sujeeth|FIRESTORM IS COMING|first storm|og first single|og pawan|pawan kalyan songs|thaman s|thaman songs telugu|telugu songs|telugu songs new|pawan kalyan og|thaman songs|pawan kalyan og teaser|pawan kalyan og trailer|telugu trending songs|og movie,UCn4rEMqKtwBQ6-oEwbd4PcA,Sony Music South,20800000,10,Music,258.0
EDxDQfxO0xc,2025-10-06T14:41:14Z,Long Slide Game With Cow Elephant Gorilla Hippopotamus Tiger - 3d Animal Game - Funny 3d Animals,wild animals|funny animals|animals|elephant|mammoth elephant|animal revolt battle|animal fights|animal game|animal games|buffalo|cartoon animal games|funny animal videos|farm animals|animal|zoo animals|3d animals|animals cage game|animals games|zoo animals names|cute animals|monster lion mammoth attacks cow cartoon buffalo|cartoon animals|animals for kids|animal fight|animal names and sounds for kids|learn animal names,UC0atxk1vvXlRUSSPULZlLMg,Teodorissimo - FunAnimation,1160000,24,Entertainment,653.0
2hiEFxxdVg8,2025-10-05T01:11:01Z,#Video - ‡§¨‡§ø‡§π‡§æ‡§∞ ‡§∏‡§∞‡§ï‡§æ‡§∞ - Raushan Rohi New Song - Bihar Sarkar - Srishti Bharti - Rangdari Song 2025,raushan rohi new song|raushan rohi new song 2025|Raushan Rohi|Raushan Rohi 2025|srishti bharti|srishti bharti aur raushan rohi ka new magahi song|raushan rohi new magahi song 2025|main 300 me bikne lagi|bihar sarkar|raushan rohi song|srishti bharti magahi song 2025|raushan rohi magahi song 2025|mai 300 me bikane lagi|‡§¨‡§ø‡§π‡§æ‡§∞ ‡§∏‡§∞‡§ï‡§æ‡§∞ raushan rohi|300 me karo hi mal sel|‡§¨‡§ø‡§π‡§æ‡§∞ ‡§∏‡§∞‡§ï‡§æ‡§∞|Dic bhojpuri Bihar sarkar new song|srishti bharti maghi song|kiran singh interview,UCtdQBK4M2xVcJp64dMg_R8Q,DIC Bhojpuri,2450000,10,Music,201.0
TSZawkBT-VE,2025-10-06T16:52:57Z,"DOUBLE VICTORY! üî• FREE FIRE | TWO GAME'S, TWO WINS IN ONE VIDEO ! SAOK DOSTO #freefire ",,UCL5XHWph18bNlDONnBkYwLg,saok dosto,1130,20,Gaming,172.0
cF0z6quD8pQ,2025-10-05T12:30:06Z,Sundari Song Dj Sanju Rathod | Tak Tak Dekharo Savariya | Sundari Sundari Tujhe Nav Kay Hai | Its AY,DJ Song|Sanju Rathod new Song|sundari Song|sanju Rathoda Tal tak dekhro Savavriya|Sundari Sundari tujhe nav kay hai|Its AY Remix|ay Remix|Param Sundari|Sundari Marathi song|Sanju Rathod Sundari song|Marathi song|Sundari DJ song|tujhe nav kay hai|Sanju Rathore new DJ song,UCUNy4nRpaLV2Gc1op1w-xsg,It's AY Remix,81000,10,Music,241.0
gwPiQCKMCS0,2025-09-28T07:47:53Z,‡§®‡§Ø‡§æ ‡§®‡§Ø‡§æ ‡§°‡•ç‡§∞‡§æ‡§á‡§µ‡§∞ ‡§π‡•ã ‡§π‡§∞‡§®‡§µ‡•á ‡§ß‡§æ‡§à ‡§ß‡§æ‡§à ‡§¶‡§¨‡§§‡§æ üòö free fire video üòéü´µ üéØ,,UC9XSYqpngMHTJ644xaaRm5A,Mr sonu  ff,964,22,People & Blogs,250.0
wheyCq4k8W8,2025-10-07T03:30:06Z,Aslam Singer SR 8400 NEW ( ‡§Ü‡§Å‡§ñ ‡§¨‡§®‡•Ä ‡§Æ‡•á‡§∞‡•Ä ‡§Æ‡§æ‡§à ‡§ï‡•Ä ) NEW 4K OFFICIAL VIDEO SONG / ASLAM SINGER ZAMIDAR,,UCmKIWi-Q_dG-B8TY8-XrVCQ,Aslam Singer Zamidar,1200000,10,Music,1062.0
o6vdd4AbqJ4,2025-10-05T13:39:37Z,"Rs1 vs Rs1,00,000 Luxury Bunker Mining in Minecraft",Luxury Bunker Mining in Minecraft|mining competition minecraft|minecraft hindi|minecraft funny|junkeyy,UCJS4UHGP6Q3BI-0ZIGrGXgw,Junkeyy,2770000,20,Gaming,1068.0
r5lifKt5wK0,2025-10-04T00:30:43Z,#Video - ‡§´‡•ã‡§ü‡§µ‡§æ ‡§ú‡§®‡§µ‡§æ ‡§≤‡•á‡§§‡•å | #Ashish Yadav ‡§ï‡§æ ‡§è‡§ï ‡§î‡§∞ #‡§Æ‡§ó‡§π‡•Ä ‡§¶‡§∞‡•ç‡§¶ ‡§≠‡§∞‡§æ ‡§ó‡•Ä‡§§ | New #Magahi Sad Song 2025,Ashish Yadav|‡§´‡•ã‡§ü‡§µ‡§æ ‡§ú‡§®‡§µ‡§æ ‡§≤‡•á‡§§‡•å|Photwa Janwa Letau|ashish yadav|ashish yadav ke gana|ashish yadav sad song 2025|aashish yadav ke gana|sad song ashish yadav|maghi sad song ashish yadav|aashish yadav new song|aashish yadav ka naya gana|ashish yadav sad song|2025 ashish yadav sad song|sad song ashsih yadav|ashish yadav sad song gana|ashish yadav sad song new|Magahi Sad Song 2025|maghi song video new|aashish yadav jhumta song|aashish yadav dj song,UCcBZyztk8VAs5EPEJ1L159A,Khatu Entertainment,15900,10,Music,286.0
lEBC3Fhme70,2025-10-06T08:50:35Z,"Minecraft But, CRAFTS Come to Life In ITALIAN BRAINROT MOB BATTLE‚Ä¶",mc flame|minecraft|mc flame trolling sister|Minecraft|tung tung tung sahur|italian brainrot|italian brainrot minecraft|CRAFTS Come to Life In an ITALIAN BRAINROT MOB BATTLE‚Ä¶|mob battle|italian brainrot mob battle,UCTyg-vQ70A1m0lB1cLbu38Q,Mc flame,2530000,20,Gaming,1359.0
M7NX_14oOl8,2025-10-04T10:30:14Z,Payal Ki Khanak | Official Video | Hindi New Song | Anil Rawat | Mohit Love | Bhaigiri Music,payal ki khanak|‡§™‡§æ‡§Ø‡§≤ ‡§ï‡•Ä ‡§ñ‡§®‡§ï|‡§™‡§æ‡§Ø‡§≤ ‡§ï‡•Ä ‡§ñ‡§®‡§ï ‡§Ö‡§®‡§ø‡§≤ ‡§∞‡§æ‡§µ‡§§ ‡§µ‡§æ‡§Ø‡§∞‡§≤ ‡§∏‡•ã‡§Ç‡§ó|payal ki khanak anil rawat viral song|payal ki khanak se jagege sajna|‡§™‡§æ‡§Ø‡§≤ ‡§ï‡•Ä ‡§ñ‡§®‡§ï ‡§∏‡•á ‡§ú‡§ó‡•á‡§Ç‡§ó‡•á ‡§∏‡§ú‡§®‡§æ|anil rawat viral song|anil rawat trending song|payal ki khanak trending song|payal ki khanak viral song|kaise aau milne bajenge kagna|bhaigiri music,UCeFwYJX4eHcwJDifaYn6YFQ,MAHI ALWAR,9530,10,Music,746.0
k6XPhTeEgVE,2025-10-06T06:41:01Z,ü§©Franklin's House Upgraded In POLICE STATION in Indian Bike Driving 3d!,indian bike driving 3d house change|indian bike driving 3d house|indian bike driving 3d|indian bikes driving 3d|indian bike game|indian bike driving 3d new update|indian bike driving 3d cheat codes|indian bike driving 3d gameplay|indian bike driving 3d new house|indian bike driving 3d update|house upgrade|franklin|shinchan|gta5|gta mods|gta 5 hindi|franklin house upgraded in indian bike driving 3d|police station house upgrade|police house in indian bike driving 3d,UCGm8jo-fv2ZSYA6-IcMybLA,R A T üê≠,488000,20,Gaming,770.0
GpCHhlz7Vlw,2025-10-07T01:15:01Z,#Video - #Khesari Lal Yadav - ‡§ó‡§ú‡§¨ ‡§§‡•ã‡§π‡§æ‡§∞ ‡§®‡•à‡§®‡§æ - #Shilpi Raj - Gajab Tohar Naina - Bhojpuri Song -2025,speed records bhojpuri|‡§ó‡§ú‡§¨ ‡§§‡•ã‡§π‡§æ‡§∞ ‡§®‡•à‡§®‡§æ|Gajab Tohar Naina|Khesari Lal Yadav Ke New Song|Khesari Lal Yadav Ke Gana|Gajab tohar Naina Khesari Lal Yadav|Khesari Lal Yadav Ke Hit Gana|khesari lal yadav new song|shilpi raj new song|khesari lal yadav song|new bhojpuri song|new song|shilpi raj bhojpuri songs|khesari lal yadav new bhojpuri song|khesari lal yadav|Gajab Tohar Naina Khesari Lal Yadav Shilpi Raj|Khesari Lal Yadav Shilpi Raj Song|Khesari ke New gana,UC_oLUu-LxYOn9mDRR9k5x-A,SPEED RECORDS BHOJPURI,7000000,10,Music,197.0
iR-MfnaIrPk,2025-10-06T07:35:01Z,Franklin Shinchan & Pinchan Change Their Poor Life To Richest Life in GTA 5 ! (GTA 5 mods),gta 5 mods|gta v mods|shinchan in gta 5|shinchan gta 5|gta 5|shinchan|techno gamerz gta 5|gta|gta v|gta 5 techno gamerz|shinchan in hindi|techno gamerz|hulk|flight gamer|Flight Gamer|flight game|mods gta 5|shinchan become poor|shinchan become billionaire|franklin rich life|franklin richest person|journey to richest|franklin become rich|Franklin Shinchan & Pinchan Change Their Poor Life To Richest Life in GTA 5|franklin life rich,UCt3mMVAyGhwQb_ZBGp_p85g,Flight Gamer,8330000,20,Gaming,1957.0
Q4k0zg4Hi64,2025-10-05T23:30:08Z,‡§ï‡•á‡§∞‡§µ‡§æ ‡§ï‡•á ‡§™‡§æ‡§§‡§µ‡§æ ‡§™‡•á ‡§®‡•á‡§µ‡§§‡§æ | Pawan Singh Kerawa Ke Patawa Pa Newta Pethawani | Chhath Geet 2025,,UC8k2EuJHSiZXmCr55OAp2FQ,Bhojpuri Bhakti Live,899000,10,Music,268.0
XtdH7tIxZBU,2025-10-06T17:12:27Z,Platform 8 horror game live ‚ù§Ô∏è #shortslive #horrorgaming,,UCjozuND0dR5sNgNUKJaEcRg,Ajay Khutail,1400000,20,Gaming,3701.0
oePD_YISjks,2025-10-05T00:30:47Z,#video -Chal Jaib Mayke | ‡§ö‡§≤ ‡§ú‡§æ‡§á‡§¨ ‡§Æ‡§æ‡§Ø‡§ï‡•á | #Akshara_Singh & Madhukar Aanad #Mintuaa New Bhojpuri Song,chal jaib mayke|chal jaib mayke akshara singh|akshara singh & mintuaa song|mintuaa bhojpuri song|chal jaib mayke akshara singh & mintua|akshara singh new song|akshara singh song|chal jaib mayke new song|new bhojpuri song|mintua bhojpuri comedy|bhojpuri song|akshara singh bhojpuri song|‡§Ö‡§ï‡•ç‡§∑‡§∞‡§æ ‡§∏‡§ø‡§Ç‡§π ‡§≠‡•ã‡§ú‡§™‡•Å‡§∞‡•Ä ‡§ó‡§æ‡§®‡§æ|‡§ö‡§≤ ‡§ú‡§æ‡§á‡§¨ ‡§Æ‡§æ‡§Ø‡§ï‡•á|chal jaib mayke to ke dihi khaye ke|chal jaib mayke video song|mintuaa & akshara singh|don't touch my hand|video bhojpuri|bhojpuri,UC5XQlQVSeQYwaNmVmQ7qYRQ,Akshara Singh,4630000,10,Music,203.0
Y-l5w__hFL4,2025-10-06T10:49:17Z,EVOLVING MY BRAINROTS UNTIL THEY BECOME MUTATED IN ROBLOX !!,eat a bodybuilder|bodybuilder|roblox|shivang mini|roblox hindi|gaming with shivang 2.0|roblox gaming|Shivang mini|eat your friend|roblox shivang mini|funny game roblox|chapati hindsutani gamer|roblox simulator|roblox gym simulator|roblox online game|robux|roblox games|simulator|tung tung tung sahur|brain rot|STEAL AN ITALIAN BRAINROT IN ROBLOX !!|EVOLVING MY BRAINROTS UNTIL THEY BECOME MUTATED IN ROBLOX !!,UCUgA8t4DaUt50fvL79oF5wA,Shivang Mini,1110000,20,Gaming,939.0
FhMGa0myStY,2025-10-06T22:15:00Z,"‡§Æ‡§Ç‡§ó‡§≤‡§µ‡§æ‡§∞ ‡§ï‡•á ‡§¶‡§ø‡§® ‡§ú‡§∞‡•Ç‡§∞ ‡§Ö‡§™‡§®‡•á ‡§ò‡§∞ ‡§Æ‡•á‡§Ç ‡§Ø‡•á ‡§∏‡•Å‡§Ç‡§¶‡§∞‡§ï‡§æ‡§Ç‡§° ‡§ö‡§≤‡§æ‡§ï‡§∞ ‡§∞‡§ñ ‡§¶‡•á‡§®‡§æ ‡§ï‡§∞‡•ç‡§ú ,‡§¨‡•Ä‡§Æ‡§æ‡§∞‡•Ä ‡§ñ‡§§‡•ç‡§Æ ‡§î‡§∞ ‡§ß‡§® ‡§µ‡§∞‡•ç‡§∑‡§æ ‡§∂‡•Å‡§∞‡•Ç",manoj mishra|sampurn sundar kand : super fast sundarkand : manoj mishra|manoj mishra hanuman sundar kand|sampurn sundar kand by manoj mishra|sampurn sundar kand manoj mishra 2025|sundarkand by manoj mishra|manoj mishra sundarkand 2025|super fast sundarkand : manoj mishra|sampurn sunderkand|sundar kand|sunder kand|sundarkand manoj mishra|sunder kand by prem parkash dubey|sampurn sundar kand 2024|manoj mishra sampurn sunderkand|manoj mishra hanuman bhajan|Hanuman,UCq32Ks-WZxhIXl-ItUn-3Og,Shree Hanuman Chalisa,442000,10,Music,3205.0
K-i78d-fXf4,2025-10-06T17:37:02Z,Among Us New Viper Role Liveüõë,Triggered Insaan|Live Insaan|funny|comedy|gameplay|live|gta 5|among us,UCFwKgzKe-EdTz83r6wzhmOw,Live Insaan,14100000,20,Gaming,12144.0
5XKTuVTmDWo,2025-10-05T11:15:00Z,‡§∂‡§∞‡§¶ ‡§™‡•Ç‡§∞‡•ç‡§£‡§ø‡§Æ‡§æ 2025 ‡§∏‡•ç‡§™‡•á‡§∂‡§≤ ‡§≠‡§ú‡§® |Vishnu Ji Lakshmi Ji Ke Bhajan|Bhajan 2025| Sharad Purnima Bhajan 2025,lakshmi amritvani|laxmi bhajans|lakshmi bhajans|navratri songs|devi bhajans|devi songs|vishnu lakshmi ke bhajans|lakshmi narayan ke bhajans|sharad poornima|sharad purnima special bhajans|kartik purnima|bhakti songs|spiritual|devotional songs|lakshmi aarti|‡§∂‡§∞‡§¶ ‡§™‡•Ç‡§∞‡•ç‡§£‡§ø‡§Æ‡§æ 2025|‡§∂‡§∞‡§¶ ‡§™‡•Ç‡§∞‡•ç‡§£‡§ø‡§Æ‡§æ|‡§∂‡§∞‡§¶ ‡§™‡•Ç‡§∞‡•ç‡§£‡§ø‡§Æ‡§æ ‡§≠‡§ú‡§®|Sharad Purnima Bhajan|sharad purnima ke bhajan|sharad purnima ji ke bhajan|sharad purnima special bhajan|Sharad Purnima|sharad purnima 2025,UCA1BfqEptH9CDtIEjuwyuSg,Bhakti Sadhna ‡§≠‡§ï‡•ç‡§§‡§ø ‡§∏‡§æ‡§ß‡§®‡§æ,4290000,10,Music,2191.0
ZFqRtVJnvvQ,2025-10-06T09:52:11Z,RANK PUSH  AND HIGH KILLS | 4.0 UPDATE IS HERE | BGMI LIVE | ERIC #ericislive #shortsfeed,granny|bgmi|pubg|eric is live|ERIC IS LIVE|BGMI SHORTS|bgmi crate opening,UCCAJcmA8Af9-zTDZaegc_YA,ERIC is LIVE,1650000,20,Gaming,8175.0
nm2-pZ31uWY,2025-10-05T22:15:02Z,"‡§Ü‡§ú "" ‡§∂‡§∞‡§¶ ‡§™‡•Ç‡§∞‡•ç‡§£‡§ø‡§Æ‡§æ ‡§ï‡•á ‡§¶‡§ø‡§® ‡§ö‡§Æ‡§§‡•ç‡§ï‡§æ‡§∞‡•Ä ‡§µ‡•ç‡§∞‡§§ ‡§ï‡§•‡§æ "" ‡§∏‡•Å‡§®‡§®‡•á ‡§∏‡•á ‡§µ‡§ø‡§∑‡•ç‡§£‡•Å ‡§≤‡§ï‡•ç‡§∑‡•ç‡§Æ‡•Ä ‡§∏‡§≠‡•Ä ‡§Æ‡§®‡•ã‡§ï‡§æ‡§Æ‡§®‡§æ‡§è‡§Ç ‡§™‡•Ç‡§∞‡•ç‡§£ ‡§ï‡§∞‡§§‡•á ‡§π‡•à",Bhakti Darshan|Bhajan|Katha|Nonstop Bhajan 2023,UCDLq_dyqKfi0XMUwiCzEIEQ,Bhakti Darshan,4320000,10,Music,2113.0
PuV2cBrOKGA,2025-10-07T08:55:34Z,üî•GRANNY 1 KHELE üî• | #shortsfeed #shortslive #chainedtogethergame #shorts #live #wormateio,granny 1|granny|granny game|granny chapter 1|granny 3|granny 2|granny horror game|granny horror|granny grandpa|granny new update|granny horror house|granny chapter 2|granny horror escape|granny remake|granny 4|granny grandpa wala game dikhaiye|granny horror game ki video|granny grandpa ka nya video|welcome back gaming ka granny wala video dikhao|granny recaptured|granny horror game ka nya video|granny house|granny chapter 1 door escape,UCk6KHBozfy-6LvS7Mrd90Ew,Skypat_Gamerz,329000,20,Gaming,6659.0
V2j_yTN15SY,2025-10-05T01:15:01Z,#Video | ‡§Æ‡§§ ‡§ú‡§à‡§π‡•á ‡§™‡§ó‡§≤‡•Ä ‡§™‡§ó‡§≤‡§æ ‡§ï‡•á ‡§õ‡•ã‡•ú ‡§ï‡•á | #Ashish Yadav ‡§ï‡§æ ‡§Æ‡§ó‡§π‡•Ä #‡§¶‡§∞‡•ç‡§¶‡§®‡§æ‡§ï ‡§∏‡•â‡§®‡•ç‡§ó | #Maghi Sad Song 2025,,UCt2WjE1KhTbHEVCdprkxSog,SAFALTA MUSIC MAGHI,1200,10,Music,1821.0
2Zqu6COA2WI,2025-10-07T08:48:09Z,Live Horror Game Granny #shortslive #granny #shorts,shorts|anzu senpai|granny|live|live shorts,UC_UAU3OqeuEXDQ7rNbzf3NA,ANZU SENPAI,204000,20,Gaming,3922.0
FSsr0Qi58_E,2025-10-06T03:02:10Z,‡§®‡§µ‡§∞‡§æ‡§§‡•ç‡§∞‡•Ä ‡§¶‡•á‡§µ‡•Ä‡§ö‡•Ä ‡§ó‡§æ‡§£‡•Ä - ‡§ï‡•ã‡§ú‡§æ‡§ó‡§ø‡§∞‡•Ä ‡§™‡•å‡§∞‡•ç‡§£‡§ø‡§Æ‡§æ : ‡§Ö‡§Ç‡§¨‡§æ‡§¨‡§æ‡§à‡§ö‡•Ä ‡§ó‡§æ‡§£‡•Ä | Devichi Gani | Ambabai Bhaktigeete,‡§™‡§π‡§æ‡§ü‡•á‡§ö‡•Ä ‡§¶‡•á‡§µ‡•Ä‡§ö‡•Ä ‡§ó‡§æ‡§£‡•Ä|‡§Ö‡§Ç‡§¨‡§æ‡§¨‡§æ‡§à‡§ö‡•Ä ‡§ó‡§æ‡§£‡•Ä|decichi gani|ambabaichi gaani|bhakti songs marathi|devichi gani|ambabai song|‡§¶‡•á‡§µ‡•Ä‡§ö‡•Ä ‡§ó‡§æ‡§£‡•Ä|‡§ï‡§æ‡§≥‡•Å‡§¨‡§æ‡§à‡§ö‡•Ä ‡§ó‡§æ‡§£‡•Ä|ambabai che gane|kalubai devi songs|kalubai song|kalu bhai ke gane|‡§Ö‡§Ç‡§¨‡§æ‡§¨‡§æ‡§à ‡§ö‡•Ä ‡§ó‡§æ‡§£‡•Ä|devi che gane|kalu bai chi gani|deviche gane|kalu bhai song|‡§¶‡•á‡§µ‡•Ä‡§ö‡•á ‡§ó‡§æ‡§£‡•á|pahatechi devachi gani|‡§®‡§µ‡§∞‡§æ‡§§‡•ç‡§∞‡•Ä ‡§¶‡•á‡§µ‡•Ä‡§ö‡•Ä ‡§ó‡§æ‡§£‡•Ä|Navaratri Song|kojagiri pournima chandragrahan|‡§ï‡•ã‡§ú‡§æ‡§ó‡§ø‡§∞‡•Ä ‡§™‡•å‡§∞‡•ç‡§£‡§ø‡§Æ‡§æ|Devichi Gani|‡§ï‡•ã‡§ú‡§æ‡§ó‡§ø‡§∞‡•Ä ‡§™‡•å‡§∞‡•ç‡§£‡§ø‡§Æ‡§æ ‡§™‡•Ç‡§ú‡§æ,UC-YshF0USNe4WirYM2NM_uA,‡§™‡§π‡§æ‡§ü‡•á‡§ö‡•Ä ‡§¶‡•á‡§µ‡•Ä‡§ö‡•Ä ‡§ó‡§æ‡§£‡•Ä,281000,10,Music,2176.0
M2Q1p3BNoC0,2025-10-04T14:08:28Z,Shinchan Surviving 99999 Zombies! üî•,Shinchan Surviving Zombie Attack! üî•|junkeyy|Shivang mini|Shinchan game|Doraemon Game|Nobita Game|Shinchan in hindi|Green Gaming|Gaming with Demon|Shinchan Gaming|Frostbite Gaming|Epic Playz|VeryNuclear|Rock Indian Gamer|Amaan-T|Flight Gamer|Proboiz|Tyro Gaming|Proboii|Taro gaming|Funny Game Roblox|Doraemon New Episode|Shinchan New Episode|Zombie Tycoon|Survive Zombie City|Roblox Zombie|Zombie Roblox|Zombie Tycoon Roblox,UCIpN4Y3Pt00Q9KoQMWI77_Q,Tyro Gaming,1880000,20,Gaming,686.0
4_lahvmxMSg,2025-10-06T09:45:00Z,‡§∞‡§æ‡§ß‡•á ‡§§‡•á‡§∞‡•á ‡§ö‡§∞‡§£‡•ã‡§Ç ‡§ï‡•Ä ‡§ß‡•Ç‡§≤ ‡§ú‡•ã ‡§Æ‡§ø‡§≤ ‡§ú‡§æ‡§è | Radhe Tere Charno Ki | Bhumika Sharma | Krishna New Bhajan 2025,Radhe rani bhajan|Krishna Bhajan|Radhe Tere Charno Ki Dhool Jo Mil Jaye|Shyama Tere Charno Ki|Radhe Tere Charn Ki Krishna Bhajan|Vats Bandhu Krishna Bhajan|Radhe Tere Charno Ki Dhool Popular Krishna Bhajan|‡§∞‡§æ‡§ß‡•á ‡§§‡•á‡§∞‡•á ‡§ö‡§∞‡§£‡•ã‡§Ç ‡§ï‡•Ä ‡§ß‡•Ç‡§≤ ‡§ú‡•ã ‡§Æ‡§ø‡§≤ ‡§ú‡§æ‡§è ‡§ï‡•É‡§∑‡•ç‡§£ ‡§≠‡§ú‡§®|‡§µ‡§§‡•ç‡§∏ ‡§¨‡§Ç‡§ß‡•Ç ‡§ï‡•É‡§∑‡•ç‡§£ ‡§≠‡§ú‡§®|Krishna Bhajan Radhe Tere Charno Ki|‡§∞‡§æ‡§ß‡•á ‡§§‡•á‡§∞‡•á ‡§ö‡§∞‡§£‡•ã‡§Ç ‡§ï‡•Ä ‡§∂‡•ç‡§Ø‡§æ‡§Æ‡§æ ‡§§‡•á‡§∞‡•á ‡§ö‡§∞‡§£‡•ã‡§Ç ‡§ï‡•Ä|Vats Bandhu Bhakti Video|Singer Bhumika Sharma|radha krishna song|radha ji new song 2025|latest radhe song,UCRXlpNxGm3FUPPtFSDxxGlQ,‡§∂‡•ç‡§Ø‡§æ‡§Æ ‡§™‡•ç‡§∞‡•á‡§Æ‡•Ä ‚Ñ¢,28800,10,Music,332.0
Xpe7fKZBx3E,2025-10-05T12:00:23Z,Triple Flatbed Trailer McQueen Transportation with Truck - Speedbumps vs Cars vs Train - BeamNG #,BeamNG.drive gameplay|Flatbed truck BeamNG|McQueen BeamNG|Truck transport BeamNG|BeamNG car crashes|Pothole vs car|BeamNG flatbed transport|BeamNG realistic crash|Lightning McQueen BeamNG|BeamNG mods|Car crash simulator|BeamNG truck simulation|BeamNG Drive crash test|BeamNG transport challenge|BeamNG McQueen mod,UC0zuegMcQOkNWwcGhui1XlQ,MBK BEAMNG,11200,20,Gaming,411.0
rZ8uVuIPUqg,2025-10-03T09:30:35Z,#Video - #Raushan Rohi ‡§Æ‡§ó‡§π‡•Ä ‡§ó‡•Ä‡§§ - ‡§§‡•Ç ‡§π‡•à 300 ‡§µ‡§æ‡§≤‡•Ä - #Srishti Bharti - #Shivani - #Maghi New Song,Raushan Rohi|Raushan Rohi Entertainment|srishti bharti|srishti bharti aur raushan rohi ka new magahi song|raushan rohi new magahi song 2025|main 300 me bikne lagi|‡§Æ‡•à‡§Ç 300 ‡§Æ‡•á‡§Ç ‡§¨‡§ø‡§ï‡§®‡•á ‡§≤‡§ó‡•Ä|raushan rohi song|srishti bharti magahi song 2025|raushan rohi magahi song 2025|mai 300 me bikane lagi|raushan rohi new song|300 ‡§Æ‡•á‡§Ç ‡§ï‡§∞‡•ã ‡§π‡•Ä ‡§Æ‡§æ‡§≤ ‡§∏‡•á‡§≤|300 me karo hi mal sel|‡§§‡•Ç ‡§π‡•à 300 ‡§µ‡§æ‡§≤‡•Ä|tu hai 300 wali|srishti bharti maghi song,UCh6r40fbLs62rieVnODZkSw,Raushan Rohi Entertainment,2160000,10,Music,240.0
XZhXFbFCOu4,2025-10-05T14:34:17Z,Race Highlights | 2025 Singapore Grand Prix,F1|Formula One|Formula 1|Sports|Sport|Action|GP|Grand Prix|Auto Racing|Motor Racing|George Russell|Max Verstappen|Oscar Piastri,UCB_qr75-ydFVKSF9Dmo6izg,FORMULA 1,13400000,17,Sports,494.0
h5vG6jFpwuc,2025-10-05T11:30:39Z,Somvaar Special Shiv Bhajan | Bhagvaan Shiv Bhajan | ‡§∏‡•ã‡§Æ‡§µ‡§æ‡§∞ ‡§∏‡•ç‡§™‡•á‡§∂‡§≤ ‡§∂‡§ø‡§µ ‡§≠‡§ú‡§® | ‡§∂‡§ø‡§µ ‡§≠‡§ï‡•ç‡§§‡§ø ‡§ó‡•Ä‡§§ #shiva,shiv special bhajan|shiv special bhajan geet|shiv special bhajan song|shiv special bhajan anuradha paudwal|sawan special shiv bhajan|somwar shiv special bhajan|shiv bhajan special bhajan|sawan ka special shiv bhajan|anuradha paudwal gulshan kumar shiv bhajan sawan special|sawan special shiv bhajan shahnaz akhtar|sawan special shiv bhajan anuradha paudwal|shahnaz akhtar special shiv bhajan|shiv bhole ke special bhajan|shiv bhajan|shiv songs|mahadev|shiv jukebox,UCWXrXPj4cWCrGpZjGExpeIg,Pranam Bhakti,24200,22,People & Blogs,7013.0
yWENuVpdimY,2025-10-06T06:33:36Z,HOW I OBTAINED THE GOD SWORD in Minecraft Hardcore...,HOW I OBTAINED THE GOD SWORD in Minecraft Hardcore...|obtaining god sword in minecraft|minecraft god sword|i obtained god sword in minecraft|how to get god sword in minecraft|minecraft hardcore|minecraft hardcore in hinid|how i obtained god sword in minecraft hardcore|bulky star|bulky star new video|god sword|bulky star minecraft|how i obtained the strongest sword in minecraft|strongest sword in minecraft,UC8ZzyNuoZDFeXGDJsB0o-8A,Bulky Star,1170000,20,Gaming,1497.0
HFpgAkgBwSA,2025-10-06T13:30:23Z,Mask - Kannumuzhi Lyrical | Vetri Maaran | GV Prakash Kumar | Kavin | Andrea J | Ruhani | Vikarnan,Kannumuzhi Lyrical|Mask Kannumuzhi Song|Mask Movie Song|GV Prakash Kumar Songs|Vetri Maaran Movie|Kavin Mask Song|Andrea Jeremiah Mask|Ruhani Sharma Songs|Vikarnan Mask|Mask Tamil Movie|Tamil Lyrical Video|GV Prakash New Song|Kavin New Movie|Andrea Jeremiah Songs|Tamil Songs 2025|Mask GV Prakash Music|Vetri Maaran Direction|Tamil Love Song|Kannumuzhi Mask Song|Tamil Trending Songs|GV Prakash Lyrical Video|Mask Movie GV Prakash|Mask 2025 Songs,UCAEv0ANkT221wXsTnxFnBsQ,T-Series Tamil,5750000,10,Music,229.0
WQYCffFVhpk,2025-10-05T04:40:23Z,Franklin Stuck in Deepest Nose Hole - INDIAN BIKES DRIVING 3D,,UC5fT39STLgUoX-gbH9w9vlQ,Tiox Play,1370000,20,Gaming,809.0
fTB08H60ZGs,2025-10-04T10:03:42Z,‡¶≤‡¶ï‡ßç‡¶∑‡ßç‡¶Æ‡ßÄ ‡¶¶‡ßá‡ß±‡ßÄ‡ß∞ ‡¶®‡¶æ‡¶Æ ‡¶≠‡¶ï‡ßç‡¶§‡¶ø‡¶Æ‡ßÇ‡¶≤‡¶ï ‡¶ó‡ßÄ‡¶§,Babanita Das|‡¶≤‡¶ï‡ßç‡¶∑‡ßç‡¶Æ‡ßÄ ‡¶¶‡ßá‡ß±‡ßÄ‡ß∞ ‡¶®‡¶æ‡¶Æ ‡¶≠‡¶ï‡ßç‡¶§‡¶ø‡¶Æ‡ßÇ‡¶≤‡¶ï ‡¶ó‡ßÄ‡¶§,UCvz5X030rQCzfpGJsrkfzFg,Babanita Das - Topic,2050,10,Music,664.0
4zR2ciFT3ZU,2025-10-07T00:30:03Z,Tiny Colorful Thanos vs Tiny Colorful Brr Brr Patapim & Franklin In Indian Bike Driving 3d ,gaming|Tiny Colorful Thanos vs Tiny Colorful Brr Brr Patapim & Franklin|Indian bike driving 3d|Video|gaming boy prince,UCtaiV8mzgAv7cYof2DuOouA,Gaming Boy Prince,170000,20,Gaming,799.0
Ajdy4zbmX3c,2025-10-03T01:00:11Z,#Video - #Khesari Lal Yadav - ‡§≤‡§æ‡§≤ ‡§ò‡§ò‡§∞‡•Ä - #Shilpi Raj - Lal Ghaghri  - #Akanksha Puri - Bhojpuri Song,khesari lal yadav|shilpi raj|khesari lal yadav new bhojpuri song|khesari lal yadav bhojpuri song|shilpi raj bhojpuri songs|shilpi raj entertainment|khesari music world|sur music|lal ghaghri|‡§≤‡§æ‡§≤ ‡§ò‡§ò‡§∞‡•Ä|Akanksha Puri|khesari lal yadav new song|khesari lal yadav video song|bhojpuri song|shilpi raj new song|agni pariksha full movie|agni pariksha|khesari lal yadav song|new bhojpuri song|new song,UCW1BEAegBZdCOq4M7JtDSQw,Sur Music ,1970000,10,Music,178.0
ygKr-iIlMvM,2025-10-06T20:19:45Z,üî¥ FREE FIRE LIVEüëªGARENA FREE FIREüíÄGUILD TEST LIVE !! GAMING NINJA #fflive #shortslive #ff #shorts,NNINJATIME|SHORT|SHORTS|SHORT FEED|FREE FIRE|FREE FIRE LIVE|TGR NRZ|1VS4|4V4|2BGAMER|TOTAL GAMING|GYAN GAMING|RAISTAR|FREE FIRE SHORTS|NONSTOP GAMING|B2K|LIVE|SONG|WHATSAPP STATUS|Rank gameplay|Rankpush|Grandmaster|Gold to grandmaster,UCNa-12YIScayXb6ZO34McPA,NINJA TIME,518000,20,Gaming,36692.0
4K8BWfyL-Sw,2025-10-04T23:30:01Z,Maa Lakshmi Panchali | Kojagari Lakshmi Puja |  Apily Dutta Bhowmick | Lokkhir Panchali ,,UCbr380j6jQs2Bf_sZ6FVIYg,RDC Bengali,214000,10,Music,1340.0
caJFuDBdlMA,2025-10-06T07:30:34Z,New Truck Business Ke Liye 50 Lakh Lagadiye ü§Ø Leyland Ke Itne Truck Le Liye üò≥ü§ë ( GTA 5 Mods ),,UCwRcUJnaCMcWDjkmY9tl6YA,G5 Gamers,1850000,22,People & Blogs,1203.0
zSWXy3910lg,2025-10-06T07:05:09Z,Kaka - Heer (Official Video) | Waris Shah | Punjabi Trandional Song 2025,warisshahkalam|heer waris shah|waris shah poetry|heer waris shah kalam|Kaka Song|Heer Kaka|Kaka Heer|Kaka heer Song|Heer Song kaka|Tradional Song Heer|punjabi new song|heer waris shah in punjabi|kaka songs|kalam waris shah punjabi|heer waris shah kalam punjabi|kaka|heer waris shah kalam full|keh len de kaka|kaka latest punjabi song|kala libass kaka|Latest Punjabi Song|Latest Punjabi Song 2025,UCoBZjU5zDSWhlewGr3KJdrg,Kaka,2890000,10,Music,428.0
qCOlqcq43dI,2025-10-06T07:51:21Z,Noob Prank with 10 Year Old Cute KidüòÇ - Free Fire,free fire|solo vs squad|badge99|total gaming|ajjubhai|desi gamers|tonde gamer|solo vs squad br rank gameplay|br rank best character combination|ff one tap headshot trick|noob prank|badge99 noob prank,UCPhZzHKo3Y5YYoazMQWuLTg,Badge 99,11600000,20,Gaming,924.0
jIykj3qIIjE,2025-10-06T01:15:05Z,#Video - #Paras Raj Yadav | ‡§∏‡§æ‡•ú‡•Ä ‡§®‡•Ä‡§≤‡§æ ‡§®‡•Ä‡§≤‡§æ ‡§∞‡•á | #Anjali Bharti | Saadi Nila Nila | New #Khortha Song,khortha song|jharkhandi gana|sadi nila nila|nila nila sadi|nila nila sadiya|paras raj yadav ka gana dj|paras raj yadav ka gana|paras raj yadav new song|paras raj yadav ka new gana|paras raj yadav ka video|sadi nila nila re|new khortha song|sadi nila nila re dj|nila nila sadi paras raj yadav|sadi nila nila dj remix|‡§∏‡§æ‡§°‡§º‡•Ä ‡§®‡•Ä‡§≤‡§æ ‡§®‡•Ä‡§≤‡§æ ‡§∞‡•á|sadi nila nila re dj remix|nila nila sadi dj|kora kora jab dharoi chhora khortha song|paras raj yadav dj|sari nila nila re,UCYUjeHp2jAb3nPrT8b90M4w,Shivraj Records,51900,10,Music,1182.0
I53VoZT2uwY,2025-10-06T09:30:16Z,New Cheats in INDIAN BIKE DRIVING 3düò± New Stall,Target bhaiya|Target siblings|Target siblings gamerz|New myths|Ibd3d cheats|Indian bike driving 3d|New stall|Ibd3d new update|Target bhaiya Indian bike game|Indian theft auto|Ita update|Indian bike driving 3d copy game|Gta5 story part 12|Ibd3d story,UCB4PxBOJKtSNmztivrY6Nlg,Target siblings Gamerz,2840000,20,Gaming,1362.0
heYWQy7glB8,2025-10-06T12:35:28Z,Sharad Poonam Na Raas Garba | ‡™∂‡™∞‡™¶ ‡™™‡´Å‡™®‡™Æ ‡™∏‡´ç‡™™‡´á‡™∂‡™ø‡™Ø‡™≤ ‡™ó‡™∞‡™¨‡™æ | Gujarati Garba 2025,rdc gujarati|gujarati song|gujarati geet|new gujarati song|new gujarati song 2025|gujarati new song|gujarati song new|gujarati song 2025|kaushik bharwad new song|Sharad Poonam Garba|‡™∂‡™∞‡™¶ ‡™™‡´Å‡™®‡™Æ ‡™ó‡™∞‡™¨‡™æ|Sharad Poonam Special 2025|Non Stop Garba|Gujarati Garba 2025|Sharad Poonam Ni Raat|Raas Garba Jukebox|Gujarati Folk Dance|Traditional Garba Songs|Navratri Garba|Festival Garba|Gujarati Music 2025|Folk Garba 2025|Sharad Poonam Garba Songs,UCuB7zkQVpcPKzHYJn45vM9w,RDC Gujarati,13100000,10,Music,3552.0
pnqzTpN0NZQ,2025-10-06T17:25:19Z,"NEW DIWALI SPECIAL RARE GOLD ROYALE üî• -para SAMSUNG,A3,A5,A6,A7,J2,J5,J7,S5,S6,S7,S9,A10,A20,A30,A50",,UC2to8ff_riFkThMyYUiZIsw,Kreation Army,1710000,20,Gaming,655.0
6hQ7yZIh9K4,2025-10-06T12:35:43Z,"Jhalak Dikhla Ja - VIdeo Song | Aksar | Himesh Reshammiya | Emraan Hashmi, Udita Goswami | Sameer",Jhalak Dikhla Ja|Aksar|Himesh Reshammiya|Sameer|Emraan Hashmi|Udita Goswami|Dino Morea|Hindi Bollywood Song|Hindi Movies|Hindi Songs|official song|tseries movies|Bollywood Romantic Song|Jhalak Dikhla Ja Song|Bollywood Song|Jhalak Dikhlaja Song|Latest Hindi Movies|Full Hindi Song|Full Movies Song|Latest Hindi Song|Latest Bollywood Song|tseries|jhalak dikhla ja ek bar aaja aaja|jhalak dikhhla jaa song|jhalak dikhhla jaa remix|jhalak dikhhla jaa dj song,UCRm96I5kmb_iGFofE5N691w,T-Series Bollywood Classics,50400000,10,Music,251.0
AZybiYqsgbM,2025-10-05T11:09:43Z,Franklin Found Giant Spiderman Bike in Indian Bike Driving 3D,indian bike driving 3d new update|indian bike driving 3d cheat codes|indian bike driving 3d all cheat codes|indian bike driving 3d game|indian bike|npsdude|all cheat code indian bike driving 3d game new update|idb3|Franklin indian bike driving 3d|NPSDUDE|nps dude|Franklin Found Giant Spiderman Bike in Indian Bike Driving 3D|giant spider man bike india bike driving 3d|zombie Franklin vs giant spider man in india bike driving 3d|found spider man bike india bike driving 3d,UCndJ18y3MoL_kr-UD75aSsQ,NpsDude,707000,20,Gaming,814.0
tBqQTj6vVz0,2025-10-07T00:15:02Z,"DEEWANIYAT | Harshvardhan Rane, Sonam Bajwa | Vishal Mishra | Romantic Song 2025",Deewaniyat song|Ek Deewane Ki Deewaniyat songs|Deewaniyat title track|Vishal Mishra songs|Sonam Bajwa new song|Harshvardhan Rane new song,UC2qNgJaPfsFiZYeRyEn3Prw,77 Media Entertainment,7480,10,Music,821.0
tnqgMJ5bIlE,2025-10-06T13:14:24Z,Can we Survive Car Crash in Roblox..,carry depie|karry mini,UC9fpAQPR4sWOlCtARTETadQ,Karry Mini,325000,20,Gaming,965.0
hRNAVOzOukU,2025-10-03T23:30:09Z,‡Æ™‡ØÅ‡Æ∞‡Æü‡Øç‡Æü‡Ææ‡Æö‡Æø ‡Æö‡Æ©‡Æø‡Æï‡Øç‡Æï‡Æø‡Æ¥‡ÆÆ‡Øà ‡Æ™‡ØÜ‡Æ∞‡ØÅ‡ÆÆ‡Ææ‡Æ≥‡Øç ‡Æ™‡Ææ‡Æü‡Æ≤‡Øç ‡Æí‡Æ≤‡Æø‡Æï‡Øç‡Æï‡ØÅ‡ÆÆ‡Øç ‡Æá‡Æü‡Æ§‡Øç‡Æ§‡Æø‡Æ≤‡Øç ‡Æö‡ØÜ‡Æ≤‡Øç‡Æµ‡Æô‡Øç‡Æï‡Æ≥‡Øç ‡Æ®‡Æø‡Æ≤‡Øà‡Æ§‡Øç‡Æ§‡ØÅ ‡Æá‡Æ∞‡ØÅ‡Æï‡Øç‡Æï‡ØÅ‡ÆÆ‡Øç | Apoorva Video,Tamil Songs|Tamil Devotional|Devotional Songs|Apoorva Audio|apoorva|perumal|varaha|mantra|vishnu|hinduism|lord vishnu|divine|lord varaha|varaha lakshmi|varaha mantra|laxmi varaha swami|india|Lord Balaji|Lord Perumal|Perumal SOngs|Thirupathi|Thirumalai Thirupathi|Puratasi|Puratasi Sani kilamai|Balaji|Balaji SOngs|Perumal Tamil Songs|Tirumala Brahmotsavam|tirupati brahmotsavam|brahmotsavam|om namo venkatesa|puratasi|puratasi month,UCIXUddWWVlp7evIeFCMsBZQ,Apoorva Videos,356000,10,Music,1111.0
NqdPc_QDinc,2025-10-06T11:52:28Z,India Woman vs South Africa Woman World Cup 2025 | IND vs SA Scores & Commentary |Cricket Highlights,,UCwRaBklrAqEr8g76gVeTdtw,BHARAT CRICKET 24@,6360,17,Sports,855.0
7HZxinyAvrw,2025-10-04T11:31:28Z,One In A Million : Jordan Sandhu (Official Video) | Latest Punjabi Song 2025,punjabi song|speed records|new punjabi song|new punjabi song 2025|latest punjabi songs|latest punjabi songs 2025|new punjabi songs|punjabi new song|punjabi new song 2025|new punjabi songs 2025|punjabi song 2025|punjabi song new 2025|punjabi gana|new punjabi song 2025 latest|new song 2025|latest songs 2025|one in a million|one in a million song|one in a million jordan sandhu|jordan sandhu new song|jordan sandhu latest song|jordan sandhu one in a million,UCOsyDsO5tIt-VZ1iwjdQmew,Speed Records,47800000,10,Music,163.0
AQDbcNhDlvQ,2025-10-06T17:41:38Z,"Big Decision SHOCKED All üò± DISBAND Liveüö® S8UL Goldy, Godlike Jonathan,Sheek Gaming,Scoutop,BGMI OMG!",S8ul Disband Lineup|S8ul Disband Team|8Bit Goldy reply Godlike|8Bit Goldy and Godlike reply|Jonathan Gaming|Godlike Jonathan|Jonathan Bgmi|Scoutop|Scout gaming|Scout reply|RNT Txspark new Lineup|RNT Txspark New Team|Sheek Gaming|Sheek Gaming reply|Wizzgod bgmi|Orangutan Wizgod reply|BGMI Teams|BGMI Player reply|BGMI Shocking news|BGMI Team Disband|Godlike player reply|S8ul Goldy|GoldyDa|Shocking news|Disband|Full Story,UCfI55Gu6Kj7Q6KplG50N0Rw,GamingNews15K,139000,22,People & Blogs,743.0
4TJOiXqiHAY,2025-10-02T12:59:30Z,Karva Chauth Pe Upasi | Official Video | Farmani Naaz | Anil Rawat | Nili Pili Chudi  | Naaz Music,Karva Chauth Pe Upasi|Karva Chauth Pe Upasi Official Video|Karva Chauth Pe Upasi new sond|new song Karva Chauth Pe Upasi|Karva Chauth Pe Upasi hindi song|Karva Chauth Pe Upasi farmani naaz|Karva Chauth Pe Upasi anil rawat|nili pili chudi song|new song nili pili chudi|farmani naaz|anil rawat|anil rawat song|hindi song Karva Chauth Pe Upasi|farmani|farmani naaz new song|hindi hit song|farmani naaz anil rawat somg|payal ki khanak song|payal ki khanak anil rawat,UCtp6V-43hLxyTMGHwWwZuFA,Naaz Music,2440000,10,Music,203.0
U8tQzLcG-hs,2025-10-06T04:30:21Z,Franklin House Enter Inside Giant Franklin Mouth in Indian Bike Driving 3D,indian bike driving 3d franklin mouth|indian bike driving 3d giant franklin|indian bike driving 3d franklin enter|indian bike driving 3d|indian bikes driving 3d|indian bike game|indian bike driving 3d new update|indian bike driving 3d cheat codes|indian bike driving 3d house|indian bike driving 3d franklin house|franklin house|indian bike driving 3d gameplay|indian bike driving 3d gta 5|indian bike driving 3d tongue,UCQ6mb97-kuBBp4ko6v4yKEw,HarshTatsuya,2670000,20,Gaming,1132.0
jT9JKmrYwAg,2025-10-05T10:37:52Z,#Video | ‡§∏‡•ç‡§™‡•á‡§∂‡§≤ ‡§õ‡§† ‡§™‡•Ç‡§ú‡§æ ‡§ó‡•Ä‡§§ 2025 - ‡§ï‡§æ‡§§‡§ø‡§ï ‡§õ‡§† ‡§™‡§æ‡§∞‡§Æ‡•ç‡§™‡§∞‡§ø‡§ï ‡§ó‡•Ä‡§§ | New Chhath Puja Song 2025 | #Chhath Geet,chhath puja song 2025|chhaiti chhath puja song 2025|chhath puja dj song 2025|chhath puja song dj 2025|chhath puja song|chhath puja song dj|chhath puja 2025|new chhath puja song|pawan singh chhath puja song|chhath puja songs|chhath puja song pawan singh|live chhath puja song|chhath puja dj song|chhath puja dj 2025|new chhath song 2025|pawan singh new chhath puja song|chaiti chhath puja song|chhath puja song status|chhath puja geet 2025|chhath parv 2025 song,UC9m7OvlzsNiUmle6FfOV32A,Hold Music Bhajan,2520,22,People & Blogs,1719.0
whkz79s00NM,2025-10-06T08:01:08Z,QUALIFIED FOR THE GLOBAL TOURNAMENT! TEAM INDIAüáÆüá≥,pahadigamer|freefire,UC27cAjoHJBraU2uOd8e5SOA,Pahadi Gamer,1610000,20,Gaming,1777.0
BEgeyBHqWj0,2025-10-05T00:30:06Z,4K Video - Amdo Kapurmuli (Full Video) : Bishal Hembram & Juhi Pauria | Mahenta & Mampi,Abhinash Mardi amdo kapurmuli|Amdo kapurmuli 2025|Amdo kapurmuli santhali video|Amdo kaurmuli SANTALI video|Bishal Hembram new video|Juhi pauria ka new video|Latest santhali video|Mampi Soren mahenta Soren|Naya video Santali Wave|New song juhi pauria|New video BISHAL|Santali Wave new song|Santhali Video santali wave|amdo kapurmuli mahenta|amdo kaurmuli|amdo kaurmuli Bishal Hembram|amdo kaurmuli SANTALI WAVE|amdo kaurmuli full video|amdo kaurmuli juhi pauria,UCegl6S312Q75Ymw0bwSI6og,SANTALI WAVE ,9250,24,Entertainment,377.0
hkRGAj88T0E,2025-10-04T03:31:23Z,Long Slide Game With Elephant Gorilla Buffalo Hippopotamus Tiger - 3d Animal Game - Funny 3d Animals,,UCoJ4JeNz-8bnTmS2YWQNiJw,Animals Vmini 3D,19100,22,People & Blogs,438.0
N6QcAvK7nhk,2025-10-04T10:30:26Z,‡§õ‡§† ‡§™‡•Ç‡§ú‡§æ ‡§µ‡•ç‡§∞‡§§ ‡§ó‡•Ä‡§§ | ‡§ï‡§æ‡§Å‡§ö ‡§π‡•Ä ‡§¨‡§æ‡§Ç‡§∏ ‡§ï‡•á ‡§¨‡§π‡§Ç‡§ó‡§ø‡§Ø‡§æ | Susmita Paswan Chhath Puja Vrat Geet - #Chhath_Puja,Susmita Paswan|Chaiti Chhath Puja Geet|Chaiti Chhath Puja Special Geet|Chaiti Chhath Puja Vrat Geet|Parampaprik Chhath Geet|Susmita Paswan Chhath Geet|Beti Vidai|Vivah Geet|New Shadi Vivah Geet|Beti Vidai Geet|Beti Vivah|Bhojpuri Video|Bhojpuri Vivah|Bhojpuri Video Song|Susmita Paswan Paramparik Chaiti Chhath Puja Vrat Geet|Chaiti Chhath|Anita Siwani|Anshu Priya|Anshu Priya Chhath Geet|‡§õ‡§† ‡§™‡•Ç‡§ú‡§æ ‡§µ‡•ç‡§∞‡§§ ‡§ó‡•Ä‡§§|Chaiti Chhath2024|‡§ï‡§æ‡§Å‡§ö ‡§π‡•Ä ‡§¨‡§æ‡§Ç‡§∏ ‡§ï‡•á ‡§¨‡§π‡§Ç‡§ó‡§ø‡§Ø‡§æ|Chhath,UCQOHQTVG9KKcDX0CyFh9FsQ,Susmita Paswan Official,534000,10,Music,426.0
433aNfJ18b4,2025-10-06T13:23:38Z,ÿ≥ÿ®ÿßŸäÿØÿ± ŸÖÿßŸÜ ÿßÿµÿπÿ® ÿØÿ±ÿßÿ¨ÿ© ŸÜÿßÿ±Ÿäÿ© ŸÅŸàŸÇ ÿßÿ≥ŸÖÿßŸÉ ÿßŸÑŸÇÿ±ÿ¥ - Superheroes Ride on Motorcycle Stunt Funny Moments?,ÿßŸÑÿ£ÿ®ÿ∑ÿßŸÑ ÿßŸÑÿÆÿßÿ±ŸÇŸäŸÜ ÿπŸÑŸâ ÿßŸÑŸÇÿ∂ÿ®ÿßŸÜ ÿØŸàÿßŸÖÿ© ŸÇŸÖÿπ ÿ¨ÿ≥ÿ± üö¥‚Äç‚ôÇÔ∏è SPIDER MAN!on Motorcycle in Spiral Bridge Stunt Ri|ÿßŸÑÿ£ÿ®ÿ∑ÿßŸÑ ÿßŸÑÿÆÿßÿ±ŸÇŸäŸÜ ÿπŸÑŸâ ÿßŸÑŸÇÿ∂ÿ®ÿßŸÜ ÿØŸàÿßŸÖÿ© ŸÇŸÖÿπ ÿ¨ÿ≥ÿ±|SPIDER MAN!on Motorcycle in Spiral Bridge Stunt Ri|SPIDER MAN|Motorcycle in Spiral Bridge Stunt,UCkRxBHw5iRCU4nBd69XOrAQ,GTA Obsession,6480,20,Gaming,1398.0
AZC6zq2h85s,2025-10-03T21:01:19Z,ZUBEEN DA AMAR HUWA TUMI,Jyotipall|ZUBEEN DA AMAR HUWA TUMI,UCEPWBVkFYAQYlvvjoSIwnaA,Release - Topic,350,10,Music,250.0
TS_eS8xe4bE,2025-10-06T03:45:03Z,Chinu Tinu Aur Sar Kata Part 5 | TINU KI SHAITANI | Gulli Bulli | Cartoon | Baba Wala,android game|android game granny|part 4|chinu tinu aur sarkata part 5|mummy|granny horror stories|evil nun horror stories|gulli bulli|gulli bulli aur granny|horror story|horror movies|gulli bulli horror stories|horror games|chinu tinu|tinu ki shaitani|cartoon|cartoon videos|horror cartoon|cartoon comedy|zombie horror story|zombie story|alien story,UCzp27Qi4aBMpUrdMSOSzP1Q,Chinu Tinu Fear Story,1150000,22,People & Blogs,280.0
ckFBhIjuVUk,2025-10-05T22:00:43Z,‡§™‡•Ç‡§∞‡•ç‡§£‡§ø‡§Æ‡§æ ‡§ï‡•á ‡§¶‡§ø‡§® ‡§ò‡§∞ ‡§Æ‡•á‡§Ç ‡§∏‡•Å‡§®‡•ç‡§¶‡§∞‡§ï‡§æ‡§£‡•ç‡§° ‡§ö‡§≤‡§æ‡§ï‡§∞ ‡§∞‡§ñ ‡§¶‡•á‡§®‡•á ‡§∏‡•á ‡§ï‡§∞‡•ç‡§ú ‡§ñ‡§§‡•ç‡§Æ ‡§¨‡•Ä‡§Æ‡§æ‡§∞‡•Ä ‡§ñ‡§§‡•ç‡§Æ ‡§î‡§∞ ‡§ß‡§®‡§µ‡§∞‡•ç‡§∑‡§æ ‡§∂‡•Å‡§∞‡•Ç#Sunderkand,‡§™‡•Ç‡§∞‡•ç‡§£‡§ø‡§Æ‡§æ ‡§ï‡•á ‡§¶‡§ø‡§® ‡§ò‡§∞ ‡§Æ‡•á‡§Ç ‡§∏‡•Å‡§®‡•ç‡§¶‡§∞‡§ï‡§æ‡§£‡•ç‡§° ‡§ö‡§≤‡§æ‡§ï‡§∞ ‡§∞‡§ñ ‡§¶‡•á‡§®‡•á ‡§∏‡•á ‡§ï‡§∞‡•ç‡§ú ‡§ñ‡§§‡•ç‡§Æ ‡§¨‡•Ä‡§Æ‡§æ‡§∞‡•Ä ‡§ñ‡§§‡•ç‡§Æ ‡§î‡§∞ ‡§ß‡§®‡§µ‡§∞‡•ç‡§∑‡§æ ‡§∂‡•Å‡§∞‡•Ç#Sunderkand|‡§™‡•Ç‡§∞‡•ç‡§£‡§ø‡§Æ‡§æ|‡§™‡•Ç‡§∞‡•ç‡§£‡§ø‡§Æ‡§æ ‡§ï‡•á ‡§¶‡§ø‡§®|Sampurn Sundarkand Path Suprefast|Sampurn Sundarkand|Sampurn Sundarkand Path|Traditional|Sundeakand Path|Sankat Mochan|Purnima|purnima|sharad Purnima|Sharad Purnima|‡§∂‡§∞‡§¶ ‡§™‡•Ç‡§∞‡•ç‡§£‡§ø‡§Æ‡§æ|‡§∂‡§∞‡§¶ ‡§™‡•Ç‡§∞‡•ç‡§£‡§ø‡§Æ‡§æ ‡§ï‡•Ä ‡§ï‡§•‡§æ|Sharad Purnima Vrat Katha|sharad purnima ki katha|Hanuman|Shiv Ji|Mata Rani|Laxmi Mata,UC180ibMf72sWYcIIBN3zgFQ,Sankat Mochan,1460,10,Music,3077.0
O0yHmSIpo5E,2025-10-06T15:50:13Z,DIWALI FREE COBRA MP40 ü™î Free Fire MaX,garena free fire|free fire|free fire new event|free fire new update|star gamers|free fire diwali event|diwali 2025 event free fire|diwali event 2025 free fire,UCvh0vLzlZ8fFoedB6O3vluw,STAR GAMERS,4750000,20,Gaming,260.0
JEsZhLEMNaw,2025-10-04T01:00:08Z,#Video - ‡§∞‡§Ç‡§ó‡§¶‡§æ‡§∞ ‡§™‡§ø‡§Ø‡§µ‡§æ Vikash Rao & #Shilpi_Raj Rangdari Song - Rangdar Piyawa,Vikash Rao Official|Vikash Rao|‡§∞‡§Ç‡§ó‡§¶‡§æ‡§∞ ‡§™‡§ø‡§Ø‡§µ‡§æ|Rangdar Piyawa|vikash rao rangdari song|vikash rao new video|bhojpuri Video|vikash rao Video|bhojpuri rangdari video|rangdari song bhojpuri|Rangdari Song New|viral song|rangdari video bhojpuri|vikash rao video song|Rangdar Piyawa vikash rao|vikash rao rangdar piyawa|shilpi raj bhojpuri song|shilpi raj ke gana|shilpi raj rangdari song,UCtholpBoSTx21Acr8mEVRtg,Vikash Rao Official ,547000,10,Music,210.0
6yskj-7Rb6I,2025-10-05T01:31:00Z,GTA-5 World's Highest üò≤üò≥üò±‡§¶‡•Å‡§®‡§ø‡§Ø‡§æ ‡§ï‡§æ ‡§∏‡§¨‡§∏‡•á ‡§ä‡§Ç‡§ö‡§æ !! IMPOSSIBLE SUPER MEGA RAMP üò≤üò± CHALLENGE !! INDIAN DJ,,UCZfUMNl_v1q5FUCkTxcbICA,Rajasthani Gta King ,3770,24,Entertainment,536.0
4OEUcrcBa8I,2025-10-05T03:45:01Z,‡§¨‡§æ‡§≤‡§æ‡§ú‡•Ä ‡§Ü ‡§ú‡§æ‡§ì ‡§è‡§ï ‡§¨‡§æ‡§∞ |Balaji Aajao Ek Baar |Sunil Sharma|Naresh Sisai|Vijay Rajput Balaji Bhajan 2025,balaji aajao ek baar sunil sharma bhajan|balaji aajao ek baar bhajan|balaji aajao ek baar sunil sharma ke bhajan|balaji bhajan sunil sharma|savariya kardo beda paar sunil sharma bhajan|balaji bhajan savariya kardo beda paar compose|balaji aajao ek baar naresh sisai bhajan|sunil sharma dhingadiya bhajan|sunil sharma bhajan 2023|vijay rajput bhajan|sawariya kardo beda par sunil sharma bhajan 2023|vijay rajput sawriya kardo beda paar bhajan|instagram trending bhajan,UCku1ZtHihJ-DQSSUT9Yssiw,Shyam Amrit Vaani,3400,10,Music,1853.0
aTVlwV3Nvng,2025-10-05T12:01:39Z,New Leagues & Battle Modes Explained in Clash of Clans,coc|clash of clans|coc october update|clash of clans october update|new league coc|clash of clans new league|ranked battle coc|ranked battle clash of clans|coc october update explained|sumit 007,UCrWdPsIgE4GIWGiFUMHL4bQ,Sumit 007,2410000,20,Gaming,890.0
bJFoh9CdEh0,2025-10-04T23:30:11Z,Kuanra Punei Janha Go Phula Baulabeni - ‡¨ï‡≠Å‡¨Ü‡¨Å‡¨∞ ‡¨™‡≠Å‡¨®‡≠á‡¨á ‡¨ú‡¨π‡≠ç‡¨® ‡¨ó‡≠ã |  Kumar Punei Song | Namita Agrawal,odia bhaktidhara|odia bhakti|odia bhajan|odia janana|odia bhakti song|odia bhajan audio jukebox|odia purana|odia gahani gita|best odia bhajan|top odia bhajan|sidharth bhakti bhajan|sarthak music bhajan|jagannath bhajan|odia shiva bhajan|best old odia bhajan|odia gahani|namita agrawal|odia bhakti gita|new odia bhajan|Kuanra Punei Janha Go Phula Baulabeni|Kumar Punei Song | Namita Agrawal,UCE2TD6Sdkg-KHLz8ndyHFaQ,Odia Bhaktidhara,2780000,10,Music,807.0
3lDOYuABfkE,2025-10-05T11:50:00Z,Avaritia Knocked on My Door in Minecraft,Blazzy Roblox|AdiSpot roblox|blazzzy|blazy|blazzy|Adi Spot|adi spot|blazzy minecraft|minecraft|minecraft trolling|adispot|adi-spot|adispoot|Avaritia Knocked on My Door in Minecraft,UCAfv_IWzruI7SadZGpg-xMw,Blazzy,523000,20,Gaming,1532.0
5d6OC45qEXg,2025-10-05T00:30:03Z,Payal Ki Khanak | New Haryanvi Song 2025 | Superhit Love Story Song | Official Video,payal ki khanak official video|new song payal ki khanak|new haryanvi song 2025|mohit love payal ki khanak|payal ki khanak mohit love|trending song payal ki khanak viral song|payal ki khanak viral song|viral song payal ki khanak|hindi song payal ki khanak|payal ki khanak viral song instagram trending song|payal ki khanak anil rawat viral song|payal ki khanak 2025|payal ki khanak song|payal ki khanak dj song|payal ki khanak anil rawat song|payal ki khanak biraj song,UCz5LuiEjAKMAQwn0SKQbqxg,Shubh Aradhana,660,22,People & Blogs,915.0
EUCUq0CY-X0,2025-10-06T13:00:29Z,Scary Teacher 3D vs Squid Game Trying Monster Boat Flying Challenge with Balloon Mask and Bicycle,Scary Teacher 3D|scary teacher game|game prank|funny|animation|scary teacher 3d game|ice scream|prank|coffin dancing|scary teacher 3d troll|funny animation|cartoon|3d|animated|shows|short films|funny animations|squid game|among us|scary games|animation fans|education|school|elementary school|cgi|classic cartoons|cgi movies|cgi cartoons|comedy|stories|random|memes|Movie|best|learning|video games|characters|rainbow|roblox|minecraft|toons|game toons|family,UCmxZC7yUgsSjtFcGoJ-fDnw,Scary Teacher Horror,252000,22,People & Blogs,1011.0
zDsqFpqbwxM,2025-10-06T00:01:11Z,Jaya Jaya Gajalaxmi Maa | ‡¨ú‡≠ü ‡¨ú‡≠ü ‡¨ó‡¨ú‡¨≤‡¨ï‡≠ç‡¨∑‡≠ç‡¨Æ‡≠Ä ‡¨Æ‡¨æ' | Namita Agrawal | Gajalaxmi Bhajan 2025 | S. Music,Jaya Jaya Gajalaxmi|Gajalaxmi Bhajan|Namita Agrawal|Sidharth Music|Gajalaxmi Puja Bhajan|Kumar Purnima Song|Odia Bhajan|Gajalaxmi Maa|Gajalaxmi Ashtottari|‡¨ó‡¨ú‡¨≤‡¨ï‡≠ç‡¨∑‡≠ç‡¨Æ‡≠Ä ‡¨≠‡¨ú‡¨®|‡¨ú‡≠ü ‡¨ó‡¨ú‡¨≤‡¨ï‡≠ç‡¨∑‡≠ç‡¨Æ‡≠Ä ‡¨Æ‡¨æ'|Gajalaxmi 2025|Odia Devotional Song|Namita Agrawal Bhajan,UCa59pR8iMNFh5DMDJMPslDA,Namita Agrawal 2,532000,10,Music,968.0
EJoGLuVrOjg,2025-10-07T05:59:33Z,CHILL STREAM - WORMATE LIVE #wormate #wormateio #shortsfeed,WAIT FOR END|BGMI FUNNY SHORT|T1 IS DREAM|PLEASE GOD VIRAL KAR DO,UC6ORFZikG_0P1eOexZUK_vw,NIGHTMARE IS LIVE,132000,20,Gaming,3748.0
K_JkTEW_ucY,2025-10-02T05:05:46Z,Karva Chauth Pe Upasi | Official Video | Nili Pili Chudi le | Anil Rawat | Farmani | bhai giri Music,Karva Chauth Ki Upasi|Karva Chauth Ki Upasi Official Video|Karva Chauth Pe Upasi NEW SONG|Karva Chauth Pe Upasi anil rawat|Karva Chauth Pe Upasi farmani naaz|Karva Chauth Pe Upasi dj song|hindi song|payal ki khanak anil rawat|new hindi song|farmani naaz new song|16 singar karyo jarur|nili pili chudi le aaiyo|karva chauth hit song|karva chauth song|hindi hit song|anil rawat song|farmani naaz song|jps song|anil|nili pili chudi song|nili pili|song|dj song,UC89HdNLDXLrWc1cqk4dzwdA,Bhaigiri music,479000,10,Music,201.0
LNospXBXI44,2025-10-05T13:09:17Z,MINING 1 MILLION RAINBOW BLOCK IN MINECRAFT !!!,,UCtNxjL-8WeFZ6LbfrOYgNoQ,Dash Empire,2110000,20,Gaming,1101.0
H3CSJaKlGfo,2025-10-05T23:00:17Z,‡§∂‡§∞‡§¶ ‡§™‡•Ç‡§∞‡•ç‡§£‡§ø‡§Æ‡§æ ‡§ï‡§•‡§æ - Sharad Purnima Vrat Katha - ‡§ï‡•ã‡§ú‡§æ‡§ó‡§∞‡•Ä ‡§™‡•Ç‡§∞‡•ç‡§£‡§ø‡§Æ‡§æ ‡§ï‡§•‡§æ ~ Purnima Ki Katha - Ras Purnima,‡§∂‡§∞‡§¶ ‡§™‡•Ç‡§∞‡•ç‡§£‡§ø‡§Æ‡§æ ‡§µ‡•ç‡§∞‡§§ ‡§ï‡§•‡§æ|kojagiri purnima 2025|‡§™‡•Ç‡§∞‡•ç‡§£‡§ø‡§Æ‡§æ ‡§µ‡•ç‡§∞‡§§ ‡§ï‡§•‡§æ|‡§∂‡§∞‡§¶ ‡§™‡•Ç‡§∞‡•ç‡§£‡§ø‡§Æ‡§æ ‡§ï‡•Ä ‡§ï‡§•‡§æ|sharad purnima vrat katha|‡§∂‡§∞‡§¶ ‡§™‡•Ç‡§∞‡•ç‡§£‡§ø‡§Æ‡§æ|sharad purnima ki katha|purnima vrat katha|ras purnima Ki katha|komudi vrat ki kahani|‡§∂‡§∞‡§¶ ‡§™‡•Ç‡§∞‡•ç‡§£‡§ø‡§Æ‡§æ ‡§ï‡§•‡§æ|purnima ki katha|sharad purnima katha|‡§∂‡§∞‡§¶ ‡§™‡•Ç‡§∞‡•ç‡§£‡§ø‡§Æ‡§æ 2025|‡§∂‡§∞‡§¶ ‡§™‡•Ç‡§∞‡•ç‡§£‡§ø‡§Æ‡§æ ‡§ï‡•Ä ‡§ï‡§π‡§æ‡§®‡•Ä|katha sharad purnima ki|purnima vrat katha 2025|kojagiri vrat katha|‡§ï‡•ã‡§ú‡§æ‡§ó‡§∞‡•Ä ‡§™‡•Ç‡§∞‡•ç‡§£‡§ø‡§Æ‡§æ|‡§ï‡•å‡§Æ‡•Å‡§¶‡•Ä ‡§µ‡•ç‡§∞‡§§|kojagiri purnima|‡§∞‡§æ‡§∏ ‡§™‡•Ç‡§∞‡•ç‡§£‡§ø‡§Æ‡§æ|2025 sharad purnima,UC5fbdgYVnVwnEcM2KnaeZ0g,Ambey Bhakti,13400000,10,Music,947.0
LI8OgULf3gg,2025-10-06T11:11:15Z,Shinchan Kinderjoy Scam üòÖüç´ Brainrot Kids & RC Car Trouble | Franklin GTA 5 Malayalam Funny Story,GTA 5|GTA 5 Malayalam|Franklin GTA 5|Shinchan GTA 5|GTA 5 Funny|GTA 5 Kid Friendly|GTA 5 Challenges|GTA 5 Avengers|GTA 5 Thanos|GTA 5 Iron Man|GTA 5 Kinder Joy|GTA 5 Squid Game|GTA 5 Shorts|GTA 5 Gameplay|GTA 5 Racing|GTA 5 Fun|GTA 5 Trevor|GTA 5 Michael|GTA 5 Malayalam Funny|GTA 5 Cartoon|GTA 5 Tamil|GTA 5 Roleplay|GTA 5 Stunts|GTA 5 Comedy|GTA 5 Story Mode|Malayalam Gaming|GTA 5 Trending|GTA 5 New Video|GTA 5 Viral|GTA 5 Gaming,UCtjP5jD_NrYoQWFiIqY3iFQ,The Mallu Don,188000,20,Gaming,1691.0
kJ6U3CRiqi4,2025-10-05T04:09:57Z,"Karwachauth Pe Ke Lyana Se(Official Video) Gulshan Music,Jaat Nia| New Haryanvi Songs Haryanavi 2025",karwachauth pe ke lyana se|karwachauth pe ke lyana se song|karwachauth pe ke lyana se gulshan music|chand mera ke lyavga|gulshan music|jaat nia|gulshan music songs|gulshan music new song|haryanvi new song|haryanvi|songs|haryanavi|2025|new haryanvi songs haryanavi 2025|haryanvi songs|haryanvi songs 2025|new haryanvi songs 2025|latest haryanvi songs 2025|haryanvi dj songs|karwachauth|karwachauth song|karwa chauth|karwachauth ka gift|karwachauth gaana,UCGY9etUMp3d1MlOWbSD95wQ,Gulshan Music,686000,10,Music,245.0
ttLNx_cV7OU,2025-10-05T16:45:00Z,Sevilla vs Barcelona | LALIGA 2025/26 | Extended Highlights,"""LALIGA|FootballHighlights|KylianMbappe|JudeBellingham|LamineYamal|RobertLewandowski|Pedri|MarcusRashford|TrentAlexanderArnold|AntoineGriezmann|JulianAlvarez|Isco|TakefusaKubo|NicoWilliams|SantiCazorla """,UCF10AG_t1AYW3mlmX7g1VJA,FanCode,2070000,17,Sports,1197.0
u3e6zT7BG8g,2025-09-29T23:15:06Z,#devigeet2025 | ‡§Æ‡§à‡§Ø‡§æ ‡§Ö‡§Ø‡§≤‡•Ä ‡§Æ‡•ã‡§∞ ‡§Ö‡§Ç‡§ó‡§®‡§µ‡§æ | Anjali bhardwaj Ka devi geet | New Bhakti Song,durga puja song|durga maa songs|durga kavach|durga mantra|durga stuti|durga kavach in hindi|durga kavacham|durga kavach with lyrics|mata ke bhajan|mata rani ke bhajan|mata rani bhajan|mata|mata rani song|mata song|mata bhajan|mata ji ke bhajan|bhajan mata rani|mataji bhajan|bhakti song|bhajan songs|kavach|durga|kavach durga|kavach durga saptashati hindi|devi kavach|anjali bhardwaj new bhakti song2025|anjali bhardwaj ke devi geet,UCgoM6k5PXx8JVSrGqCQjeeA,UMANG RANG,413,10,Music,1608.0
U3Fq-dhkF10,2025-10-04T09:01:20Z,HIMLANDS NEW KING & QUEEN is BACK [S-6 part 37],YesSmartyPie|Yes smarty pie|SmartyPie|Smarty pie|YesSmartyPie Skyblock|YesSmartyPie Minecraft|Minecraft YesSmartyPie|yessmartypie himlands|himlands|yessmartypie himlands new video|smartypie himland|himland world|minecraft world himland|HIMLANDS ENTITIES BIGGEST SECRET REVEALED|I GOT SCAMMED|getting scammed in himlands|HIMLANDS BIGGEST ENTITY IS WEAK NOW|KILLWISH KIDNAPPED MY FRIEND|killwish wizard relation|THE RISE OF A NEW ENTITY|himlands ep 37,UCZ9lCUhUOUrwqVJmfBkN92A,YesSmartyPie,6650000,20,Gaming,4080.0
0COQAmW7gCo,2025-10-05T04:30:06Z,‡§™‡§∞‡§´‡•ç‡§Ø‡•Ç‡§Æ ‡§≤‡§ó‡§æ‡§µ‡•á ‡§ö‡•Å‡§®‡•ç‡§®‡•Ä ‡§Æ üòù parfum lagave chunni mein//lovekush dungri//dance video #dance #rasiya,,UCp-tcyRJg8RDDSGWGPqAyEg,POSWAL TOP MUSIC,1100000,10,Music,485.0
HyaZ9r-3Wcw,2025-10-07T03:39:00Z,I Got LA SECRET COMBINASION From OWNER in Steal a Brainrot Roblox,senpaispider|senpaispider new video|senpaispider pvp|senpaispider face revel|senpaispider wither storm|senpaispider smarty pie|senpaispider lapatasmp|senpaispider minecraft|blox fruit|roblox blox fruit|senpai blox fruit|blox fruits|sea 2 blox fruit|sea 3 blox fruit|steal a brainrot|steal a brainrot update|steal a brainrot owner|senpaispider steal a brainrot|senpai unlimited|la secret combinasion|steal a brainrot new secret,UCLm85ASz0gDwLr6KAPc8zWg,SenpaiUnlimited,948000,20,Gaming,1555.0
sFmWQtXkvvE,2025-09-30T15:00:04Z,#Video #Khesari Lal Yadav | ‡§∏‡•ç‡§™‡•á‡§∂‡§≤ ‡§®‡§µ‡§∞‡§æ‡§§‡•ç‡§∞‡•Ä ‡§ó‡•Ä‡§§ 2025 | #New Durga Puja Song 2025,khesari lal yadav ka new devi geet|khesari lal yadav ka new devi geet 2025|khesari lal yadav new devi geet|khesari lal yadav devi geet new|khesari lal yadav ka devi geet|khesari lal yadav ka naya devi geet|khesari lal yadav ka bhojpuri devi geet|khesari lal yadav ke devi geet|khesari lal yadav devi geet|devi geet khesari lal yadav|khesari lal new devi geet|new devi geet khesari lal|khesari lal yadav devi geet 2025|New Durga Puja Song|Devi geet|Pawan Singh Devigeet,UCR-jDE2qGtE_S4qNmPbFCLQ,TrackMania,295,22,People & Blogs,1368.0
T2CIgneroiE,2025-10-06T06:00:21Z,THIS BGMI TRIO WILL MAKE U LAUGH SO HARD üòÇü§£ !! BGMI FUNNY HIGHLIGHT,,UCYRY748zxmc_WNrnB6UzJpg,8bit Goldy,978000,20,Gaming,574.0
RpqI1Yq09nc,2025-10-05T10:28:17Z,2025 ‡§ï‡§æ‡§∞‡•ç‡§§‡§ø‡§ï ‡§Æ‡§æ‡§∏ ‡§∏‡•ç‡§™‡•á‡§∂‡§≤ ‡§≠‡§ú‡§®~New Tulsa Bhajan 2025 ~Tulsi Bhajan~New Bhajan ~Kartik Mas Bhajan 2025,,UCd_XI_C8TI-L0iWZeCP76qQ,Shree Bhakti Sagar,294000,10,Music,6703.0
Nz2GLdh-50U,2025-10-07T04:37:24Z,Aaj to ninja x2r chla liya|indian bike game play video|,,UCUs2MOAdMKcdcNgSgMUXw6w,gamer top29,1340,24,Entertainment,812.0
p7bGB6bVz1s,2025-10-06T00:30:41Z,‡§∂‡§∞‡§¶ ‡§™‡•Ç‡§∞‡•ç‡§£‡§ø‡§Æ‡§æ Special : ‡•ê ‡§ú‡§Ø ‡§≤‡§ï‡•ç‡§∑‡•ç‡§Æ‡•Ä ‡§Æ‡§æ‡§§‡§æ | Maa Lakshmi Ji Ki Aarti | Sharad Purnima 2025 |Mata Aarti,om jai laxmi mata aarti|aarti om jai laxmi mata|‡•ê ‡§ú‡§Ø ‡§≤‡§ï‡•ç‡§∑‡•ç‡§Æ‡•Ä ‡§Æ‡§æ‡§§‡§æ ‡§Ü‡§∞‡§§‡•Ä|jai laxmi mata aarti|om jai lakshmi mata aarti|‡§ú‡§Ø ‡§≤‡§ï‡•ç‡§∑‡•ç‡§Æ‡•Ä ‡§Æ‡§æ‡§§‡§æ ‡§Ü‡§∞‡§§‡•Ä|om jai laxmi mata anuradha paudwal|om jai lakshmi mata aarti fast|om jai lakshmi mata aarti with lyrics|om jai laxmi mata|alka yagnik om jai laxmi mata|om jai laxmi mata lyrics|super fast om jai lakshmi mata lakshmi aarti|‡•ê ‡§ú‡§Ø ‡§≤‡§ï‡•ç‡§∑‡•ç‡§Æ‡•Ä ‡§Æ‡§æ‡§§‡§æ|‡§∂‡§∞‡§¶ ‡§™‡•Ç‡§∞‡•ç‡§£‡§ø‡§Æ‡§æ|‡§∂‡§∞‡§¶ ‡§™‡•Ç‡§∞‡•ç‡§£‡§ø‡§Æ‡§æ ‡§ñ‡•Ä‡§∞|‡§∂‡§∞‡§¶ ‡§™‡•Ç‡§∞‡•ç‡§£‡§ø‡§Æ‡§æ ‡§ï‡§•‡§æ|Sharad purnima|sharad purnima 2025',UCEjdQsOHLqbl8UiB8b4L5ng,Krishna Bhajan ‡§ï‡•É‡§∑‡•ç‡§£‡§æ ‡§≠‡§ú‡§®,1280000,10,Music,405.0
F6WmAYzsRzM,2025-10-06T22:39:52Z,üéØFREE FIRE LIVEüéØBR-RANKED PUSH TO GRANDMASTRüò≤2X AWM GAMEPLAY ON LIVEüíÄüíª,#Dad i am ok Gaming|#free fire|#free fire live|#garena free fire|#free fire max|#free fire diamond|#free fire max live|#free fire gameplay|#gaming live|#gaming prank|#gaming challenges|#gaming vlog|#gaming funny videos|#gaming id|#free fire dad i am ok gaming|#dadiamokgaming|#HINDIGAMING|#trendingvideo|#gamingvideo|#gamer|#livestreamer|shortsvideo|viralshorts|shorts,UCLyeLv13NLgHjFn2FVdbh4w,DAD I AM OK GAMING,945000,20,Gaming,23795.0
LA-G8DKsuqA,2025-10-04T23:30:10Z,Ram Aayenge The Celebration | ‡§∞‡§æ‡§Æ ‡§Ü‡§è‡§Ç‡§ó‡•á ‡§≠‡§ú‡§® 2025 |Special Bhajan 2025 | Ram Bhajan,hindi|shayari|kumar vishwas|latest video|teri mitti|latest song|hindi poetry latest|Ram Aayenge|Ayodhya|Ram|Sita|Mere Ghar Ram Aaye hain|Ram Siya Ram|Adipurush|Shri Ram|Ram Ke bhajan|New Ram Bhajan|Bhojpuri Ran Bhajan|bhojpuri ram bhajam|prema nand Maharaj Ram Bhajan|Special Ram Bhaja2025|Bhakti bhav|bhajan 2025,UCD5XfFaY1cHbwtZDAnDLUuw,Mahi Bhakti,5890,10,Music,364.0
jsO5GMp7oEA,2025-10-05T06:30:25Z,Tiny Horror Police Train vs Tiny Horror School Bus,indian bike driving 3d plugin|indian bike driving haunted videos|indina bike game|indian bike driving 3d new update|alpha sena|indian bike haunted|games|game|haunted videos of indian bike game|gtav|oggy|oggy indian bike driving 3d,UC-7Z7JlhCEHzBodvraTktqQ,Alpha Sena,373000,20,Gaming,620.0
1jjv0042tmg,2025-10-06T02:30:04Z,#Video | Sadi Nila Nila | #Paras Raj Yadav | Nila Nila Sadi | #Anjali Bharti | Khortha Song 2025,payal ki khanak | sad hindi song 2025 | anil rawat|payal ki khanak anil rawat viral song|payal ki khanak anil rawat song|kajal hatrashi anil ravat payal ki khanak|anil rawat viral song pyal ki khanak|payal ki khanak official video|anil rawat komal hathrash payal ki khanak|trending song payal ki khanak viral song|payal ki khanak viral song instagram trending song|payal ki khanak | official video|official video | hindi new song,UCilrDoDquog01zXfGq_zr5Q,SKS Music 9999,3200,22,People & Blogs,167.0
3otA3_r1kGA,2025-10-05T13:38:06Z,Tiny Colourfull Tralalero Tralala VS Tiny Colourfull Tung Tung Tung Sahur in Indian Bikes Driving 3d,#maxaadi|#indianbikegamenewvideo|#indianbikesdriving3dnewvideos|#tinycolourfulltralalerocheatcode|#tinycolourfulltungtungtungsahur|#tralalerotralalavstungtungsahur|#gta|#gta5|#gaming|#maxaadinewvideo|#indianbikegame|#indianbikedriving3d,UCxF-KXcs2utlxmN3vzQFQMw,Max Aadi,43000,20,Gaming,635.0
2hHKyNqphqk,2025-10-07T00:30:07Z,#Video | #Raushan Rohi | #‡§Æ‡§ó‡§π‡•Ä ‡§ó‡§æ‡§®‡§æ | ‡§™‡•ç‡§Ø‡§æ‡§∞ ‡§ï‡•á ‡§Æ‡§æ‡§∞‡§≤ | FT. - Neha Goswami | New #Maghi Sad Song,raushan rohi new song|raushan rohi new song 2025|roshan rohi ka gana|raushan rohi|raushan rohi naya gana|maghi song raushan rohi|raushan rohi sad song|raushan rohi ka gana|raushan rohi song|‡§™‡•ç‡§Ø‡§æ‡§∞ ‡§ï‡•á ‡§Æ‡§æ‡§∞‡§≤|roshan rohi ke new gana|Pyar Ke Maral|raushan rohi ke new song|raushan rohi ke gana|ashish yadav ka gana|ashish yadav sad song|maghi sad song|maghi song|raushan rohi video song|raushan rohi dj song|raushan rohi video|raushan rohi ka naya gana,UCpgNwtSh7H8E-CE8mMmR-1A,Saathi Records,13200,10,Music,205.0
5tn9SWi3MQo,2025-10-07T03:38:21Z,Franklin Playing As ALL BABY SPIDERMAN KID In INDIAN BIKE DRIVING 3D,Franklin Playing As ALL SPIDERMAN In INDIAN BIKE DRIVING 3D|spiderman Indian bike driving 3d|Indian bike driving 3d spiderman|spiderman|antiyub|brainrot|kaal rider|playing as all|magical watch|franklin|indian bike driving 3d|Franklin Playing As ALL BABY SPIDERMAN In INDIAN BIKE DRIVING 3D|Franklin Playing As ALL HULK In INDIAN BIKE DRIVING 3D|Franklin Playing As ALL IRONMAN In INDIAN BIKE DRIVING 3D,UCs-CJ484yc9XnUv8kekg4oQ,Kaal Rider,35200,20,Gaming,756.0
D5pRXv5FAhA,2025-10-06T22:00:18Z,"‡§Æ‡§Ç‡§ó‡§≤‡§µ‡§æ‡§∞ ‡§ï‡•á ‡§¶‡§ø‡§® ‡§∏‡•Å‡§®‡•ç‡§¶‡§∞‡§ï‡§æ‡§£‡•ç‡§° ‡§ò‡§∞ ‡§Æ‡•á‡§Ç ‡§ö‡§≤‡§æ‡§ï‡§∞ ‡§∞‡§ñ ‡§¶‡•ã ‡§¨‡•Ä‡§Æ‡§æ‡§∞‡•Ä ‡§ñ‡§§‡•ç‡§Æ, ‡§ï‡§∞‡•ç‡§ú ‡§ñ‡§§‡•ç‡§Æ, ‡§ß‡§®‡§µ‡§∞‡•ç‡§∑‡§æ ‡§∂‡•Å‡§∞‡•Ç #sunderkandpath",today sundarkand ka path|sunderkand path|sunderkand path new|sunderkand path ki vidhi|sunderkand path fast|sunderkand path full|sunderkand path live|sunderkand ka path|sunderkand path ke labh|sunderkand path lyrics|sunderkand path aarti|sunderkand path ke niyam|today sunderkand path|sunderkand path with choupai|hanuman bhajan|sunderkand path in 38 minutes|sunderkand ramayan|sunderkand|sunderkand fast|sunderkand with lyrics|mangalwar special bhajan,UCkdtrncoQg6JJYeABKSuhqg,Sundarkand Path,74500,10,Music,4292.0
548Xe8E8jYs,2025-10-06T00:30:06Z,FRANKLIN OPEN ALL LITTLE SINGHAM CONTAINERS IN INDIAN BIKE DRIVING 3D,franklin open mystery ghost containers|indian bike driving 3d mystery containers|indian bike driving 3d mystery container|indian bike driving 3d|LITTLE SIGHAM CONTAINERS|little singham|shiva container|vir|kiko,UCOY5iB7E8OvOPtuBa3Dl8kA,Notx Razu,43000,20,Gaming,659.0
MSkEMdA-ZYs,2025-10-07T01:00:32Z,‡≤™‡≥ç‡≤∞‡≤§‡≤ø ‡≤Æ‡≤Ç‡≤ó‡≤≥‡≤µ‡≤æ‡≤∞‡≤¶‡≤Ç‡≤¶‡≥Å ‡≤§‡≤™‡≥ç‡≤™‡≤¶‡≥á ‡≤ï‡≥á‡≤≥‡≤ø ‡≤ê‡≤ó‡≤ø‡≤∞‡≤ø ‡≤®‡≤Ç‡≤¶‡≤ø‡≤®‡≤ø  ‡≤∏‡≥ç‡≤§‡≥ã‡≤§‡≥ç‡≤∞ | ‡≤Æ‡≤π‡≤ø‡≤∑‡≤æ‡≤∏‡≥Å‡≤∞ ‡≤Æ‡≤∞‡≥ç‡≤¶‡≤ø‡≤®‡≥Ä ‡≤∏‡≥ç‡≤§‡≥ã‡≤§‡≥ç‡≤∞ | AIGIRI NANDINI,SG KORALL BHAKTI|@sgkorallbhakti,UCLpA4f6iZE3MXOfgjf7cCLw,SG KORALL BHAKTI,244000,10,Music,1093.0
DeuHqdJDs5Q,2025-10-06T10:32:07Z,DON‚ÄôT Take This Survey Home Alone,be honest|game|quiz|start survey|test|funny|scary|creepy|roblox|the survey|gaming|family friendly|2024|horror|in hindi|do not|techno gamerz|haunted|mythpat|bixu|slayypop|im bixu|proboii|horror game|haunted game|Triggered Insaan|Live Insaan|gameplay|scary games|creepy game|creepy experience|alone|start survey game|scary game|indie games|indie game|do not download|do not take|2025|home alone|survey project|start survey 2|no cursing|no swearing,UC1k1Gf6AbCSuv4CVzOQLLCw,I. M. Bixu,4040000,20,Gaming,1031.0
U5FgpBO2r3k,2025-10-06T10:29:43Z,Hawa Vich (Full Video) I G Khan I Jasmeen Akhtar l Isha Sharma I Kulshan Sandhu l Punjabi Songs 2025,new punjabi songs 2025|new punjabi song|new punjabi song 2025 latest this week|punjabi pop|punjabi popular songs|punjabi song|punjabi|g khan new song punjabi|G khan|Trending Punjabi Songs|Jasmeen Akhtar|kulshan sandhu|kulshan sandhu new song|PUnjabi status|Trending Punjabi Video|New trending punjabi|Romantic Punjabi songs|isha sharma new song|isha sharma|New punjabi song 2025|Hawa vich,UC19Eu9inWMO6bhDPs0wngnQ,desi tune records,27200,24,Entertainment,241.0
RzVQHdD8sPE,2025-10-07T05:30:26Z,Jack & Shinchan Purchase Shinchan Car üí•üöó Indian Theft Auto Simulator ü§©üí• Aryan Gamerz ,indian theft auto simulator|indian theft auto simulator 3d|in indian theft auto simulator|indian theft auto simulator new|indian theft auto simulator game|indian theft auto simulator new cheat code|indian theft auto simulator update|indian theft auto simulator car mods|indian theft auto simulator new train|indian theft auto simulator ita menu|jack and shinchan purchase shinchan car|franklin shinchan new video|cheat code,UCKWeei2agrYSNulNySaewjw,Aryan Gamerz,65800,20,Gaming,492.0
VN3jwDUpKks,2025-10-05T11:00:53Z,"Gopal Bharwad | ‡™¨‡™Ç‡™ó‡™≤‡™æ ‡™§‡™æ‡™∞‡™æ ‡™™‡™æ‡™ï‡™æ ‡™™‡™æ‡™Ø‡™æ ‡™®‡™æ, ‡™ï‡™æ‡™ö‡´Ä ‡™Æ‡™æ‡™ü‡´Ä‡™®‡™æ ‡™ò‡™∞ | Manisha Bharwad | New Gujarati Song 2025",Gopal Bharwad|‡™¨‡™Ç‡™ó‡™≤‡™æ ‡™§‡™æ‡™∞‡™æ ‡™™‡™æ‡™ï‡™æ ‡™™‡™æ‡™Ø‡™æ ‡™®‡™æ|‡™ï‡™æ‡™ö‡´Ä ‡™Æ‡™æ‡™ü‡´Ä‡™®‡™æ ‡™ò‡™∞|Manisha Bharwad|New Gujarati Song 2025|New Gujarati Song|Bangla Tara Paka Paya Na|Superhit Gujarati Song|Traditional Gujarati Song|Gujarati Hit Song|rdc gujarati|gopal bharwad|gopal bharwad na geet|gopal bharwad songs|gujarati song|new gujarati song 2025|gujarati love song|gujarati new song|latest gujarati song 2025|2025 gujarati song|gujarati latest song 2025|gujarati trending song 2025,UCPyDkfIhK-sRqJS0llTNdTg,RDC Gujarati HD,3100000,10,Music,518.0
4TgKtHNylz8,2025-10-05T07:30:02Z,CAN I REALLY TRUST THEM? | No I Am Not A Human,bbs no I am not a human|no im not human|full game|no im not a human|no|im|not|human|scary|horror|game|gameplay|creepy|of|the|year|2025|who|should|let|in|visitor|clue|how|to|funny|hilarious|moments|reaction|jumpscare|wrong|choice|right|decision|beastboyshub|not human,UCI86prlqXhbkREDMTaORvLQ,BeastBoyShub,6990000,20,Gaming,4464.0
HOZPEYAUGlA,2025-10-05T21:55:01Z,‡∞∏‡±ã‡∞Æ‡∞µ‡∞æ‡∞∞‡∞Ç ‡∞∏‡±ç‡∞™‡±Ü‡∞∑‡∞≤‡±ç ‡∞≠‡∞ï‡±ç‡∞§‡∞ø ‡∞™‡∞æ‡∞ü‡∞≤‡±Å | Lingashtakam & Bilvashtakam | Monday Lord Shiva Telugu Bhakti Songs,‡∞∏‡±ã‡∞Æ‡∞µ‡∞æ‡∞∞‡∞Ç ‡∞∏‡±ç‡∞™‡±Ü‡∞∑‡∞≤‡±ç ‡∞≠‡∞ï‡±ç‡∞§‡∞ø ‡∞™‡∞æ‡∞ü‡∞≤‡±Å|Lingashtakam Telugu|Bilvashtakam Telugu|Monday Special Shiva Songs|Lord Shiva Telugu Bhakti|Shiva Devotional Telugu|Lingashtakam Bhakti Songs|Bilvashtakam Bhakti Songs|Shiva Stotram Telugu|Somavar Special Bhakti Songs|Telugu Devotional Songs|Shiva Bhajan Telugu|Lord Shiva Devotional Songs Telugu|Lingashtakam Bilvashtakam Telugu|Telugu Bhakti Songs|Shiva Pooja Songs Telugu|Lord Shiva Bhakti Telugu|Monday Special Bhakti Songs,UCWkK9wXJCy7ixDCjKE4XW1Q,Bhakthi Peetham - ‡∞≠‡∞ï‡±ç‡∞§‡∞ø ‡∞™‡±Ä‡∞†‡∞Ç ,98900,10,Music,6235.0
bmPv4W2L6XQ,2025-10-06T12:20:14Z,Skibidi Toilet 79 (PART 3) REACTION | TITAN SPEAKERMAN IS BACK | Ayush More üò±,ayush more|skibidi toilet|minecraft|techno gamer|techno gamerz|skibidi toilet new episodes|DaFuq!?Boom!|skibidi toilet reaction|titan cameraman|titan tv man|tv man|cbd toilet|skibidi toilet all episodes|skibidi new episode|skibidi toilet new episode|ayush more minecraft|astro toilet|gman|ayush more 2.0|ayush more reacts|ayush more op|titan speakerman|new titan speakerman|skibidi toilet 79|skibidi toilet 79 part 3|skibidi toilet ep 79 part 3,UCtjW0Pf1eEhVNrJXzEsLB1Q,Ayush More 2.0,4170000,20,Gaming,1227.0
-25zAeAkegI,2025-10-03T04:42:31Z,"Takkar (Official Video) Masoom Sharma | Manish Gurjar, Fiza Choudhary | New Haryanvi Song 2025",takkar|takkar masoom sharma|takkar song|masoom sharma|ashu twinkle|amar karnawal|pinna music|fiza choudhary|manish gujjar|new|haryanvi|songs|haryanavi|new haryanvi songs 2025|new haryanvi song 2025|latest haryanvi songs 2025|haryanvi songs 2025|haryanvi song 2025|haryanvi songs|haryanvi song|new haryanvi songs|masoom sharma songs|masoom sharma new song|dollar music|manish gurjar|goj me asle unme goli|gunday gaadi m,UCTk-a57urUvdyvXQ8O5t_rA,Dollar Music,878000,10,Music,172.0
5FifxnfDIIk,2025-10-06T14:15:25Z,üî•GRANNY 1 KHELE üî• | #shortsfeed  #shortslive  #chainedtogethergame  #shorts #live  #wormateio,granny|granny3|shorstlive|shorts|shortsfeed|shortslivefeed|granny3live|mobilegame|youtubelive|pubg|pubgm|live|shortlive|shortfeed|grannyliveshorts|grannyfeed|wormeti.io|shortsmobilegame,UCtMqN8hiu3e4YvGlwEF0FEw,Mynaa ,575000,20,Gaming,4261.0
fgJE0ayfVF4,2025-10-06T21:45:04Z,"‡§Æ‡§Ç‡§ó‡§≤‡§µ‡§æ‡§∞ ‡§≠‡§ï‡•ç‡§§‡§ø ‡§≠‡§ú‡§® : ‡§π‡•á ‡§¶‡•Å‡§É‡§ñ ‡§≠‡§Ç‡§ú‡§®, ‡§∂‡•ç‡§∞‡•Ä ‡§π‡§®‡•Å‡§Æ‡§æ‡§® ‡§ö‡§æ‡§≤‡•Ä‡§∏‡§æ, ‡§π‡§®‡•Å‡§Æ‡§æ‡§® ‡§Ö‡§Æ‡•É‡§§‡§µ‡§æ‡§£‡•Ä, ‡§¨‡§ú‡§∞‡§Ç‡§ó ‡§¨‡§æ‡§£, ‡§π‡§®‡•Å‡§Æ‡§æ‡§® ‡§ö‡•å‡§™‡§æ‡§à ‡§ï‡§•‡§æ",,UCooRs3q6eXxv1-qramrGQ9g,Prathana Bhakti,103000,10,Music,4336.0
vAnXn7mDoq0,2025-10-05T08:30:36Z,Surviving 99 Nights in Cursed Forest in Minecraft!,minecraft|minecraft hindi|minecraft mods|minecraft challenge|Surviving 99 Nights in Cursed Forest in Minecraft!|I made 99 NIGHTS IN THE WOODS in MINECRAFT|99 nights forest,UCW3Sbu9ZFb2g2thct6mZlXA,Flame playz,1260000,20,Gaming,1278.0
YM_UxflJ6SY,2025-10-05T00:30:34Z,#Video- ‡§∂‡•Ç‡§ü‡§∞ ‡§™‡•ã‡§∏‡§≤‡•á ‡§¨‡§æ‡§®‡•Ä | #Tuntun-Yadav & Goldi Yadav | Shooter Posale Bani | New Bhojpuri Song,‡§∂‡•Ç‡§ü‡§∞ ‡§™‡•ã‡§∏‡§≤‡•á ‡§¨‡§æ‡§®‡•Ä|Shooter Posale Bani|bhojpuri gana|har jila me shooter posale bani|sutter posle bani tuntun yadav ke gana|tuntun yadav new song|tuntun yadav hit gana|shooter goldi yadav dj song|tuntun yadav ka gana|sharab se kharab|tuntun yadav ka new song|tuntun yadav ke gana|tuntun yadav ka hit gana|tuntun yadav bhojpuri new song|tuntun yadav bhojpuri song|new bhojpuri song|har jila me sutar posale bani|tuntun yadav song|hero music dhun|bhojpuri gaana,UCr3FXafQpK8rByNVc7XEoSw,Hero Music Dhun,29300,10,Music,620.0
T2r3TNngv4Y,2025-10-06T19:06:22Z,üî¥ CHHOTA AJJU IS LIVE  | FREE MEETUP | AJJUBHAI VOICE | GO 10K #freefire #live #trending #ajjubhai,Garena|Free Fire Pakistan|Pakistan|India|Bangladesh|nepal|free fire india|total gaming|ajjubhai|funny free fire|funny video,UCOtO6hXpWhTPLtTyaQXSZBw,CHHOTA AJJU,561000,20,Gaming,15058.0
HorQBP4hswc,2025-10-06T00:30:13Z,‡§®‡§∏‡•Ä‡§¨ ‡§µ‡§æ‡§≤‡•á ‡§π‡•Ä ‡§∏‡•Å‡§® ‡§™‡§æ‡§§‡•á ‡§π‡•à - ‡§∂‡§∞‡§¶ ‡§™‡•Ç‡§∞‡•ç‡§£‡§ø‡§Æ‡§æ ‡§ï‡§•‡§æ | Sharad Purnima Katha | Kojagiri Purnima Vrat Katha,‡§∂‡§∞‡§¶ ‡§™‡•Ç‡§∞‡•ç‡§£‡§ø‡§Æ‡§æ ‡§ï‡§•‡§æ|‡§∂‡§∞‡§¶ ‡§™‡•Ç‡§∞‡•ç‡§£‡§ø‡§Æ‡§æ ‡§µ‡•ç‡§∞‡§§ ‡§ï‡§•‡§æ|Sharad Purnima Katha|‡§ï‡•ã‡§ú‡§æ‡§ó‡§∞‡•Ä ‡§™‡•Ç‡§∞‡•ç‡§£‡§ø‡§Æ‡§æ ‡§ï‡§•‡§æ|‡§∂‡§∞‡§¶ ‡§™‡•Ç‡§∞‡•ç‡§£‡§ø‡§Æ‡§æ|Sharad Purnima Ki Kahani|Lakshmi Aarti|Om Jai Lakshmi Mata|Laxmi Aarti|Laxmi Katha|‡§ï‡•å‡§Æ‡•Å‡§¶‡•Ä ‡§µ‡•ç‡§∞‡§§ ‡§ï‡§•‡§æ|Sharad Purnima Status|Lakshmi Puja|Kojagiri Purnima|Kojagiri Vrat Katha|Lakshmi Bhakti Bhajan|‡§∂‡§∞‡§¶ ‡§™‡•Ç‡§∞‡•ç‡§£‡§ø‡§Æ‡§æ ‡§ï‡•Ä ‡§ï‡§•‡§æ|Sharad Purnima|Kojagara Puja|‡§ï‡•ã‡§ú‡§æ‡§ó‡§∞ ‡§™‡•Ç‡§∞‡•ç‡§£‡§ø‡§Æ‡§æ ‡§µ‡•ç‡§∞‡§§ ‡§ï‡§•‡§æ|Kojagari Vrat Katha|‡§™‡•Ç‡§∞‡•ç‡§£‡§ø‡§Æ‡§æ ‡§µ‡•ç‡§∞‡§§ ‡§ï‡§•‡§æ|Om Jai Lakshmi Ramna|satyanarayan aarti|purnima,UCnHBjsg9UtRJxziNcD7h3yw,Aaj Ke Bhajan,1320000,10,Music,1673.0
Tkdtj3DKwaE,2025-10-06T10:36:13Z,I CRAFT YOUTUBER ITEMS IN MINECRAFT !!!,,UCxfaG5_t8lHZlrseYz4_COg,Dash Craft,115000,20,Gaming,607.0
-1QMuc5518g,2025-10-05T07:08:00Z,Meri Zindagi Ke Malik  |  Imaan Beiman  |  Alka Yagnik  |  Udit Narayan Songs  |  Neelam,"Alka Yagnik songs,Udit Narayan songs,Alka Yagnik Udit Narayan duets,Meri Zindagi Ke Malik|Imaan Beiman,Romantic Hindi songs,97s Hindi songs,love songs,Alka Yagnik hits,Udit Narayan hits",UCa8QIpdEZHX4PfLGwABZxBw,Udit-Alka Specials,1190,22,People & Blogs,419.0
LH-zQFG-xb8,2025-10-06T11:30:24Z,I Found The RAREST Lucky Blocks in Steal A Brainrot!,Roblox|Game Therapist|GT Blox|NoobMaster|NooBlox|Steal a Brainrot|Brainrot Roblox|Brainrot Race|Roblox Lucky Block Race|Lucky Block Race Brainrot|Roblox Challenge|Roblox Obby|Roblox Lucky Block|Roblox Kids Content|Roblox Gameplay|Roblox YouTuber|GT Roblox|Caylus|Caylus Roblox|Caylus brainrot|I Found The RAREST Lucky Blocks in Steal A Brainrot!|secret lucky block|roblox steal a brainrot|steal a brainrot script|steal a brainrot secret,UCXWQbzwvAiFqOU7XW1-v5bw,GT Blox,59100,20,Gaming,1142.0
CmbsfW0Ckb4,2025-10-04T09:30:03Z,"Ishq Manzoor | SSKTK | Varun, Janhvi, Sanya, Rohit | A.P.S, Jairaj, Amit, Nakash, Shreya, Antara",sony music india|ishq manzoor|sunny sanskari ki tulsi kumari|ishq manzoor song|ssktk|ishq manzor|shreya ghoshal|antara mitra|Amit Mishra|Nakash Aziz|varun dhawan|rohit saraf|sanya malhotra|janhvi kapoor|ssktk songs|new hindi songs|hindi songs|bollywood songs|new hindi song|hindi song|new song|nakash aziz|varun dhawan songs|janhvi kapoor songs|ishq manzoor video|rohit saraf dance|shreya ghoshal songs,UC56gTxNs4f9xZ7Pa2i5xNzg,Sony Music India,68400000,10,Music,194.0
o3kG9i8Q2X8,2025-10-06T14:40:35Z,"#VIDEO |‡§õ‡§† ‡§ò‡§æ‡§ü‡•á ‡§ö‡§≤‡•Ä |#Khesari Lal Yadav,#Antra Singh Priyanka |Bhojpuri Chhath PujaSong",,UC9dlYhpEvYzZ6yRav_mmwHg,GMR GANGSTER 38,332,20,Gaming,269.0
e-i-YBZBRsU,2025-10-06T23:00:50Z,‡∞Æ‡∞Ç‡∞ó‡∞≥‡∞µ‡∞æ‡∞∞‡∞Ç ‡∞∞‡±ã‡∞ú‡±Å ‡∞à ‡∞™‡∞æ‡∞ü‡∞≤‡±Å ‡∞µ‡∞ø‡∞Ç‡∞ü‡±á ‡∞é‡∞Ç‡∞§ ‡∞™‡±Ü‡∞¶‡±ç‡∞¶ ‡∞ï‡∞∑‡±ç‡∞ü‡∞Æ‡±à‡∞®‡∞æ ‡∞§‡±ä‡∞≤‡∞ø‡∞ó‡∞ø‡∞™‡±ã‡∞§‡±Å‡∞Ç‡∞¶‡∞ø - ‡∞≠‡∞ï‡±ç‡∞§‡∞ø ‡∞™‡∞æ‡∞ü‡∞≤‡±Å - MAHISHASURA MARDHINI,#bhakthi patalu Telugu|#‡∞≠‡∞ï‡±ç‡∞§‡∞ø ‡∞™‡∞æ‡∞ü‡∞≤‡±Å ‡∞§‡±Ü‡∞≤‡±Å‡∞ó‡±Å|‡∞Æ‡∞Ç‡∞ó‡∞≥‡∞µ‡∞æ‡∞∞‡∞Ç ‡∞∞‡±ã‡∞ú‡±Å ‡∞à ‡∞™‡∞æ‡∞ü‡∞≤‡±Å ‡∞µ‡∞ø‡∞Ç‡∞ü‡±á ‡∞é‡∞Ç‡∞§ ‡∞™‡±Ü‡∞¶‡±ç‡∞¶ ‡∞ï‡∞∑‡±ç‡∞ü‡∞Æ‡±à‡∞®‡∞æ ‡∞§‡±ä‡∞≤‡∞ø‡∞ó‡∞ø‡∞™‡±ã‡∞§‡±Å‡∞Ç‡∞¶‡∞ø|‡∞≠‡∞ï‡±ç‡∞§‡∞ø ‡∞™‡∞æ‡∞ü‡∞≤‡±Å|MAHISHASURA MARDHINI|durga devi songs in telugu|durga devi songs in telugu lyrics|durga devi songs in telugu movies|durga devi songs in telugu online listen|durga devi songs jukebox|durga devi songs telugu|durga devi songs lakha|durga devi songs lyrics|durga devi songs lyrics in telugu|durga devi songs marathi|durga devi songs mp3,UCuEi3cNLSRcYbZWO9o16z9g,‡∞≠‡∞ï‡±ç‡∞§‡∞ø ‡∞™‡∞æ‡∞ü‡∞≤‡±Å ‡∞§‡±Ü‡∞≤‡±Å‡∞ó‡±Å - Bhakthi Patalu Telugu,135000,10,Music,3820.0
pHp7epS_7ws,2025-10-06T17:03:06Z,üî¥New Season CS Rank Pushing with subscribersü§© | Free Fire Live #shortsfeed #shortslive,ff rank gameplay|br rank push gameplay|ff cs rank push gameplay|ff br rank trick|ff how to rank push|ff rank pushing video|ff solo rank push gameplay|br ranked gameplay|br rank headshort gameplay|raister br ranked gameplay|giveaway|custom giveaway|lone wolf comback|sudip sarkar|ff guild test|shorts|ff shorts live|br rank pushing|sooneeta live,UCr_ZvFqXW-p_Ul58oM8QrGw,Raain Gamerz,1170000,20,Gaming,6170.0
KxN7T7sL_L8,2025-10-04T00:30:17Z,LIVE ‡§Æ‡§π‡§æ‡§≤‡§ï‡•ç‡§∑‡•ç‡§Æ‡•Ä ‡§Ü‡§∞‡§§‡•Ä : ‡§Ü‡§ú ‡§∏‡•Å‡§¨‡§π - ‡•ê ‡§ú‡§Ø ‡§≤‡§ï‡•ç‡§∑‡•ç‡§Æ‡•Ä ‡§Æ‡§æ‡§§‡§æ | Om Jai Laxmi Mata Aarti | Lakshmi Mata Aarti,,UCDZh0BwO6Ey-qCA4jID7vMA,Suryansh Bhakti Sandhya,1330,10,Music,1963.0
a4mitxibIAM,2025-10-07T04:15:01Z,SHINCHAN AND FRANKLIN WENT INTO THE SPEED BOOSTER HOUSE PARKOUR CHALLENGE GTA 5,Shinchan|Shinchan GTA 5|Franklin|Franklin Shinchan GTA 5|Yippi Gaming|Yippi Gaming GTA 5|Yippi Gaming Challenges|GTA 5 Impossible Challenge|GTA 5 Parkour Challenge|GTA 5 Speed Booster Challenge|GTA 5 Mega Ramp Challenge|GTA 5 Zigzag Challenge|GTA 5 Spiral Challenge|GTA 5 Points Jump Challenge|GTA 5 Curvy Parkour|GTA 5 Extreme Stunt Challenge|gta 5 techno gamerz|Shinchan Franklin Parkour Challenge|gta 5 water slide|gta 5 speed booster hosue,UCXaFhaxwH3ASTgwwKL4Kt2Q,Yippi Gaming,6630000,20,Gaming,1244.0
Iq1jMdMiWGo,2025-09-29T07:06:53Z,Ve Kamleya  |  Ve Kamleya - Rocky Aur Rani Kii Prem Kahaani  |  Altamash Faridi  |  Arijit Singh,"Ve Kamleya,Altamash Faridi,Arijit Singh,Shadab Faridi,Shreya Ghoshal|Rocky Aur Rani Kii Prem Kahaani,Hindi Songs,Love Sentimental Songs,Romantic songs,2023s Hindi songs|Classic Hindi ballads,Love Ballads,Emotional songs",UCcbOx0Rm1jCsxK6hwJ35TdQ,Hindi Trending Songs,400,22,People & Blogs,253.0
BjJI7m-jj6k,2025-10-06T13:30:52Z,YOUTUBER VS YOUTUBER VS 2 V BADGE STREAMERS üíÄ Biggest Youtuber in BR Rank üò± ‡§Ü‡§ú‡§æ 1 VS 50 ‡§Æ‡•á‡§Ç üò§,pakistani girls|pakistan vs indian|noob prank|grandmaster prank|free fire india|free fire funny video|badge99|total gaming|ajjubhai|ü§ërandom rich hot girl call me noob and i challenge for room 1v3 garena free fire|room 1 v3 garena free fire|noob prank free fire|random girl call me noob|random grandmaster player call me noob,UCwMauD7qRqr_ZXUTqRGHOjg,Kill2Head,4790000,20,Gaming,1796.0
D-3zkQZoZG0,2025-10-07T05:30:14Z,Sleepless(yumi aama) | Rito Riba ft.Simyo | Tadu Lunia I Tav,,UCy54ibzueZ6Ynz2iEI89sSA,RITO RIBA,729000,10,Music,201.0
SvP8fBtisOs,2025-10-06T07:51:19Z,Free Fire Max Live With Never Fold Gaming || Road To 1 MillionüéØ|| #freefirelive #shortsfeed,freefirelive|livegiveaway|freefiremax|top1grandmaster|freefireliveguildtest,UCdNNnOR060yCLk_iMyaZvSg,Never Fold Gaming,734000,20,Gaming,4734.0
wMQh0N5PGKo,2025-10-05T05:30:24Z,Charak Marak Rasiya (#‡§π‡•Ä‡§∞‡§æ_‡§¨‡•á‡§ü‡•á) || ‡§ï‡§Æ‡§∞ ‡§¨‡•ã‡§≤‡•á ‡§ö‡§∞‡§ï ‡§Æ‡§∞‡§ï ‡§ö‡•Å ‡§∞‡§∏‡§ø‡§Ø‡§æ || Hira Bete Rasiya || Satveer Gurjar,,UC4aDwSZphoIxcle6xfnvmXA,Chetan Music,547000,10,Music,309.0
uAnVOlyxQd4,2025-10-06T15:20:05Z,Diwali Magic Cube Store Updateüî•ü§Ø| 20 Oct Next Magic Cube Bundle | Free Fire New Event | ff new event,next magic cube bundle|magic cube store update|ff new event|diwali event free fire|free fire new event|new event ff|new event|new event free fire|upcoming event in free fire|free fire upcoming event|next lucky wheel event|next mystery shop event|next evo vault event|tanishq gaming|special gold royale free fire|new m1887 skin event|ob51 update free fire|next booyah pass free fire|October booyah pass free fire|Diwali special gold royale|diwali pass event,UCb0s1I8wocxPMO4l_4XrGlg,TANISHQ GAMING,686000,20,Gaming,1038.0
aZ5EM1FWyvo,2025-10-04T00:45:00Z,ùòºùô°ùôñùô†ùôù ùôâùôûùôßùôñùô£ùôüùôñùô£ ùòºùô°ùôñùô†ùôù ùôâùôûùôßùôñùô£ùôüùôñùô£ ‡§Ö‡§≤‡§ñ ‡§®‡§ø‡§∞‡§Ç‡§ú‡§® ‡§Ö‡§≤‡§ñ ‡§®‡§ø‡§∞‡§Ç‡§ú‡§® ‡§ú‡§Ø ‡§ó‡•Å‡§∞‡•Å ‡§¶‡§§‡•ç‡§Ø  #ùôñùô°ùôñÔøΩ,alakh niranjan|alakh niranjan song|alakh niranjan chant|alakh niranjan mantra|alakh niranjan aadesh|alakh niranjan jay bolo|alakh niranjan ringtone|alakh niranjan baba bhajan|alakh niranjan movie songs|alakh niranjan message tone|alakh niranjan ringtone song|alakh niranjan alakh niranjan|alakh niranjan bhav bhay bhanjan|alakh niranjan jay gurudat girnari|alakh niranjan alakh niranjan song|alakh niranjan full gujarati movie|what is the meaning of alakh niranjan,UCc8PSZR8LHQpFfSDgU3WZcQ,Ravan Gurjar Rasiya,93000,10,Music,388.0
lMgZTSU1W88,2025-10-06T12:18:33Z,i Found Scariest UNKEL MATEO AND TUNG TUNG SAHUR üò± in Minecraft | Minecraft Horror |,,UCsnF_zkpY6GEXHIUJZKwY9w,Prabu,50700,22,People & Blogs,1317.0
PG_1lukPV84,2025-10-06T08:35:56Z,"Premachi Goshta 2 | Official Trailer | Satish Rajwade | Lalit, Rucha, Ridhima, Swapnil, Bhau",‡§™‡•ç‡§∞‡•á‡§Æ‡§æ‡§ö‡•Ä ‡§ó‡•ã‡§∑‡•ç‡§ü ‡•®|Premachi Goshta 2|Satish Rajwade new movie|Satish Rajwade|Lalit Prabhakar|Rucha Vaidya|Ridhima Pandit|‡§∏‡§§‡•Ä‡§∂ ‡§∞‡§æ‡§ú‡§µ‡§æ‡§°‡•á|‡§≤‡§≤‡§ø‡§§ ‡§™‡•ç‡§∞‡§≠‡§æ‡§ï‡§∞|Swapnil Joshi|Bhau Kadam|premachi goshta|latest marathi movie|lalit prabhakar movies|marathi|premachi goshta teaser|olya sanj veli|olya sanj veli 2.0|‡§Ø‡•á ‡§®‡§æ ‡§™‡•Å‡§®‡•ç‡§π‡§æ|ye na punha|Premachi Goshta 2 Official Trailer|premachi goshta 2 trailer|movie trailer|new movie trailer|latest movie trailer|new trailer,UCe7UKRSJM6ITMfXX-CbET0w,Everest Marathi,4670000,24,Entertainment,178.0
7o_9rXNHdl8,2025-10-06T20:23:30Z,Absolute Cinema on Stream üòç WmaxGaming LIVE - BGMI,Max is Live|Bgmi gameplay|Pubg mobile gameplay|FASTEST 3 FINGER PLAYER BGMI|1V4 CLUTCHES BGMI|Bgmi montage|Pubg mobile montage|Bgmi 1v4 clutch|Bgmi tips and tricks|Bgmi 1v4 gameplay|Pubg 1v4 clutch|Bgmi new update|Bgmi new royal pass,UCRLTsuCNjsZ32sTkyy_XUMQ,Max Gaming,166000,20,Gaming,17936.0
v6KGFT7uUWA,2025-10-03T05:30:33Z,Yaar Ka Sataya Hua Hai (Lyrical) B Praak | Nawazuddin Siddiqui | Shehnaaz Gill | Jaani | Arvindr K,bpraak|jaani|nawaz|nawaaz|shenaaz|shehnaaz|yaar ka sataya|sharab peete peete|sharab|peete peete|haath kaamte|sharab peete haath|sharab peete haant kaampte|zohraajabeen|zorajabeen|baarish ki jaaye|barish ki jaye|jaani new song|punjabi new song|sad songs|bpraak song|bpraak sad song|jaani shayari|jaani love song|hindi songs|latest hindi songs|bollywood songs|new hindi song|mere yaar peete peete|8k video songs|hum peete nahi pilayi gayi|lyric video,UC783dnzJqf2ghHp_pFLYbGA,DM - Desi Melodies,20900000,10,Music,233.0
eWxkmlDgXX8,2025-10-06T17:31:51Z,4. UPDATE IS HERE IN BGMI SOLO VS SQUADüî• #bgmi #bgmilive #shortsfeed #shortslive,bgmi|battlegrounds mobile india|battleground mobile india|bgmi 4.0 update|bgmi new update|bgmi 4.0 update release date|bgmi next mythic forge|4.0 update bgmi|4.0 update classified yt|classified yt 4.0 update|bgmi new update gameplay|4.0 beta version|4.0 update bgmi mythic forge|4.0 update new mode|mythic forge|4.0 update release date|bgmi next update,UCuhwPDf9Em5Nx1mpTh65_pg,NeonXPawanOP,209000,20,Gaming,8774.0
SU6McXo-K6E,2025-10-07T07:40:44Z,Mur Mon (Roi Roi Binale),Zubeen Garg|Mur Mon (Roi Roi Binale),UC2pnWOI04gu7nD2N23mG2pg,Zubeen Garg - Topic,66800,10,Music,193.0
vjP_4amQhcA,2025-10-06T18:22:25Z,üî¥70 Squad Finishes! - BGMI with Motabhai,,UC-toBXJuoumnoRFK26Vvs8Q,Alpha Clasher,1600000,20,Gaming,16432.0
ff9t7upPv5Q,2025-10-06T22:30:15Z,‡≤Æ‡≤Ç‡≤ó‡≤≥‡≤µ‡≤æ‡≤∞ ‡≤¶‡≤ø‡≤® ‡≤¶‡≥Å‡≤∞‡≥ç‡≤ó‡≤æ‡≤¶‡≥á‡≤µ‡≤ø‡≤Ø ‡≤π‡≤æ‡≤°‡≥Å‡≤ó‡≤≥‡≤®‡≥ç‡≤®‡≥Å ‡≤ï‡≥á‡≤≥‡≤ø‡≤¶‡≤∞‡≥Ü ‡≤Ö‡≤™‡≤æ‡≤∞‡≤µ‡≤æ‡≤¶ ‡≤∏‡≤ø‡≤∞‡≤ø ‡≤∏‡≤Ç‡≤™‡≤§‡≥ç‡≤§‡≥Å‡≤ó‡≤≥‡≥Å ‡≤∏‡≤ø‡≤ó‡≥Å‡≤§‡≥ç‡≤§‡≤µ‡≥Ü - KANAKADURGA MANASA,BHAKTHI MUSIC | KANNADA DEVOTIONAL | KANNADA SONGS|‡≤Æ‡≤Ç‡≤ó‡≤≥‡≤µ‡≤æ‡≤∞ ‡≤¶‡≤ø‡≤® ‡≤¶‡≥Å‡≤∞‡≥ç‡≤ó‡≤æ‡≤¶‡≥á‡≤µ‡≤ø‡≤Ø ‡≤π‡≤æ‡≤°‡≥Å‡≤ó‡≤≥‡≤®‡≥ç‡≤®‡≥Å ‡≤ï‡≥á‡≤≥‡≤ø‡≤¶‡≤∞‡≥Ü ‡≤Ö‡≤™‡≤æ‡≤∞‡≤µ‡≤æ‡≤¶ ‡≤∏‡≤ø‡≤∞‡≤ø ‡≤∏‡≤Ç‡≤™‡≤§‡≥ç‡≤§‡≥Å‡≤ó‡≤≥‡≥Å ‡≤∏‡≤ø‡≤ó‡≥Å‡≤§‡≥ç‡≤§‡≤µ‡≥Ü|KANAKADURGA MANASA SMARAMI|durga devi famous songs|durga devi fast beat songs|durga devi folk songs|durga devi garba songs|durga devi harathi songs|durga devi hd video songs|durga devi hit songs|durga devi latest songs|durga devi movie songs|durga devi old songs|durga devi pooja songs|durga devi powerful songs|durga devi private songs,UCwrp8tAcFsP3FplC8u6IQMA,BHAKTHI MUSIC | KANNADA DEVOTIONAL | KANNADA SONGS,1220000,10,Music,2501.0
sXsTBsWqJTU,2025-09-30T12:14:39Z,‡§≤‡§ó‡§æ‡§à ‡§¶‡§ø‡§π‡•Ä ‡§ö‡•ã‡§≤‡•Ä ‡§Ø‡§æ ‡§ï‡•á ‡§π‡•Å‡§ï ‡§∞‡§æ‡§ú‡§æ ‡§ú‡•Ä #arbindakela huk raja ji song singer- arbind akela kallu ji,,UCrtfTv6pjOiWaoAXKA0oFpw,Game Beatz studio ,529,10,Music,312.0
bW61Po_L6Qs,2025-09-30T11:43:17Z,Ban | Official Video | Masoom Sharma ft. Prithviraj Pilania & Amar Karnawal | New Haryanvi Song 2025,ban|ban masoom sharma|ban song|masoom sharma|prithvi pilania|amar karnawal|pinna music|tuffan music|new|haryanvi|songs|haryanavi|2025|new haryanvi songs 2025|new haryanvi song 2025|latest haryanvi songs 2025|new haryanvi songs|new haryanvi song|haryanvi songs 2025|haryanvi song 2025|haryanvi songs|haryanvi song|masoom sharma new song|masoom sharma songs|masoom sharma song|masoom sharma ke gane|hr gaane|haryanvi gane|Haryanvi dj songs,UC4vwQ-PsfYlSc_Y_rLSVNBA,Udta Teer,449000,10,Music,137.0
lPAQOoUMFE0,2025-10-05T10:01:14Z,ÿßŸÑÿ±ÿ¨ŸÑ ÿßŸÑÿπŸÜŸÉÿ®Ÿàÿ™ ÿßŸÜŸÇÿßÿ∞ ÿ®ÿßÿ™ŸÖÿßŸÜ Spider-Man Rescue batman vs iron man vs venom funny Game GTA 5 superhero,ÿßŸÑÿ£ÿ®ÿ∑ÿßŸÑ ÿßŸÑÿÆÿßÿ±ŸÇŸäŸÜ ÿπŸÑŸâ ÿßŸÑŸÇÿ∂ÿ®ÿßŸÜ ÿØŸàÿßŸÖÿ© ŸÇŸÖÿπ ÿ¨ÿ≥ÿ± üö¥‚Äç‚ôÇÔ∏è SPIDER MAN!on Motorcycle in Spiral Bridge Stunt Ri|ÿßŸÑÿ£ÿ®ÿ∑ÿßŸÑ ÿßŸÑÿÆÿßÿ±ŸÇŸäŸÜ ÿπŸÑŸâ ÿßŸÑŸÇÿ∂ÿ®ÿßŸÜ ÿØŸàÿßŸÖÿ© ŸÇŸÖÿπ ÿ¨ÿ≥ÿ±|SPIDER MAN!on Motorcycle in Spiral Bridge Stunt Ri|SPIDER MAN|Motorcycle in Spiral Bridge Stunt,UCZYZPH_mKpRtFdA7_Pa4IwA,GTA Addiction,401000,20,Gaming,1349.0
WIxL6mvMDA4,2025-10-03T01:00:39Z,#Video | ‡§™‡§≤‡§Ç‡§ó‡§ø‡§Ø‡§æ ‡§π‡§ø‡§≤‡§æ‡§µ‡•á‡§µ‡§æ‡§≤‡§æ ‡§ö‡§æ‡§π‡•Ä | #Arvind Akela Kallu | #Shilpi Raj | Sapna C | Bhojpuri Song 2025,arvind akela kallu new song|palangiya hilawewala chahi|arvind akela kallu|arvind akela kallu ji bhojpuri song|arvind akela kallu song|arvind akela kallu ka gana|kallu ji song|kallu bhojpuri song|shilpi raj song|kallu bhojpuri song 2025|arvind akela kallu ka naya gana|arvind akela kallu hit song|arvind akela kallu video song|arvind akela kallu sapna chauhan|sapna chauhan song|arvind akela kallu meera music|‡§™‡§≤‡§Ç‡§ó‡§ø‡§Ø‡§æ ‡§π‡§ø‡§≤‡§æ‡§µ‡•á‡§µ‡§æ‡§≤‡§æ ‡§ö‡§æ‡§π‡•Ä|bhojpuri hit song,UCg1I0ySljnRIUstQaTm2IZg,Meera Music,622000,10,Music,183.0
Cun4EC4YmHg,2025-10-06T19:47:03Z,WELCOME TO JAPAN TRIP | NO PROMOTION,CarryMinati|Carryminati gaming|carrisLive|Gaming|Livestream|Indian gamingpubgpubg mobile|god of war,UC0IWRLai-BAwci_e9MylNGw,CarryisLive,12200000,20,Gaming,10433.0
0QMGfIZonr0,2025-10-02T09:54:58Z,Famous Powerful Gayatri Mantra 108 Times | Om Bhur Bhuva Swaha | ‡§ó‡§æ‡§Ø‡§§‡•ç‡§∞‡•Ä ‡§Æ‡§Ç‡§§‡•ç‡§∞ | ‡§ì‡§Æ ‡§≠‡•Ç‡§∞ ‡§≠‡•Å‡§µ‡§æ ‡§∏‡•ç‡§µ‡§æ‡§π‡§æ,gaytri mantra|ganesh gayatri mantra (kb voice) ganpati mantra 2025|gayatri mata mantra|gayatri mantram|gayatri mantra new 2020|gayatri mantra song|gayatri mantra 108|108 gayatri mantra|new gayatri mantra|gayatri mantra meaning|mantra gayatri|gayatri mantra full|shiv gayatri mantra|live gayatri mantra|gayatri mantra live|gayatri mantra 108 times fast|shiva gayatri mantra|gayatri mantra hindi|saraswati gayatri mantra|gayatri mantra sadhana sargam,UCKS9649MK4bqEm5gV2p6KSw,Sunrise Bharti Sagar,232,10,Music,1165.0
bOnQyghHxMk,2025-10-07T05:10:37Z,üåö Scary Moon Kidnaps Franklin's Brother - INDIAN BIKES DRIVING 3D,indian bikes driving 3d|indian bike game 3d|indian bike driving 3d new update|indian bike driving cheat codes|indian bike driving 3d rgs tool|indian bike driving 3d update|indian bike driving 3d myths|indian bike driving 3d mythbusters|indian bike driving 3d secrets|indian bike driving 3d glitches|indian bike game|indian driving game|android game|harshtatsuya|tioxplay|npsdude|handsome gamer|tecnoji gamer,UCkNvFNoOmzLXWRtyM_x-Ncw,Tecnoji Gamer,735000,20,Gaming,627.0
jUzk7w2GiOs,2025-10-06T01:01:54Z,Latest Hindi Songs 2025üíñBest Romantic Songs | Heart-Touching Hindi Love Songs,,UCc7XLnUtw5Urv54HfiMuOBA, Bollywood Melody Hub,5790,22,People & Blogs,4519.0
2kbtcQn0x3I,2025-10-06T19:59:26Z,DOMINATION IN 3.9 UPDATE | BGMI LIVE | #bgmi #shorts #verticallive #shortsfeed #pubglivestream,addy gaming|addy gaming live|bgmi 1v1 tdm live|bgmi live room|bgmi live girl gamer|addy|bgmi|bgmi live|bgmi live custom room|bgmi live room custom|bgmi live kannada|bgmi live teamcode|1v1 tdm live bgmi|bgmi live stream kaise kare mobile se|bgmi live stream kaise kare|GLACIER CREATE OPENING|shortsfeed|shortslive|pubglivestream|bgmi 3.9 update|bgmi 3.9 update live|bgmi live stream|GIRL GAMER|vertical|verticallive,UCxvomgEmLSD0-3hxe5QtdNA,ADDY GAMING ,35400,20,Gaming,10149.0
2jHh3jj-LWI,2025-10-06T22:30:01Z,"‡§Æ‡§Ç‡§ó‡§≤‡§µ‡§æ‡§∞ ‡§ï‡•ã ‡§ò‡§∞ ‡§Æ‡•á‡§Ç ‡§ö‡§≤‡§æ‡§ï‡§∞ ‡§∞‡§ñ‡§¶‡•ã ‡§∏‡•Å‡§®‡•ç‡§¶‡§∞‡§ï‡§æ‡§£‡•ç‡§° ‡§Ü‡§™‡§ï‡•Ä ‡§¨‡•Ä‡§Æ‡§æ‡§∞‡•Ä ‡§ñ‡§§‡•ç‡§Æ,‡§ï‡§∞‡•ç‡§ú‡•á ‡§ñ‡§§‡•ç‡§Æ ‡§ß‡§®‡§µ‡§∞‡•ç‡§∑‡§æ ‡§∂‡•Å‡§∞‡•Ç#SundarkandPath",sunderkand ka paath|9 minut ka sunderkand|sunderkand|sunderkand with lyrics|hanuman chalisa 4 min|sundarkand lyrics hindi|sunderkand 40 minut ka|sunderkand 45 minute|sunderkand bhajan|‡§ï‡•Å‡§Æ‡§æ‡§∞ ‡§µ‡§ø‡§∂‡•Å ‡§ï‡•á ‡§≠‡§ú‡§®|sundarkand path fast|sampurn sunderkand|powerful sunderkand|top 10 sunderkand|sunderkand special|sunderkand reading|most powerful success mantra of hanuman ji|hanuman chalisa repeated 108 times|hanuman chalisa most powerful and beautiful,UCeEFvQCozScwAFYbls_X_ug,Maruti Nandan,51900,22,People & Blogs,4289.0
HhkqNs-U0Uw,2025-10-06T04:25:08Z,üòç Brand new shinchan train üöÇ in indian theft auto simulator üî•,gamehint|Games|Game|Indian bike driving 3d|Indian Theft Auto simulator|Doraemon in indian theft auto|Shinchan meet doraemon in indian theft auto simulator|new doremon train in indian Theft auto|Brand new doremon train in indian theft auto|indian theft auto new train|franklin doraemon and shinchan visit shinchan train|iron man and batman train in indian theft auto,UC2uo0GObH1lzI2z0k3kSBGw,Game Hint,8540,20,Gaming,628.0
